question;answer;label
In $\triangle ABC$ with $AB=AC,$ point $D$ lies strictly between $A$ and $C$ on side $\overline{AC},$ and point $E$ lies strictly between $A$ and $B$ on side $\overline{AB}$ such that $AE=ED=DB=BC.$ The degree measure of $\angle ABC$ is $\tfrac{m}{n},$ where $m$ and $n$ are relatively prime positive integers. Find $m+n.$;Let $\angle{BAC}$ be $x$ in degrees. $\angle{ADE}=x$. By Exterior Angle Theorem on triangle $AED$, $\angle{BED}=2x$. By Exterior Angle Theorem on triangle $ADB$, $\angle{BDC}=3x$. This tells us $\angle{BCA}=\angle{ABC}=3x$ and $3x+3x+x=180$. Thus $x=\frac{180}{7}$ and we want $\angle{ABC}=3x=\frac{540}{7}$ to get an answer of $\boxed{547}$.;547
There is a unique positive real number $x$ such that the three numbers $\log_8{2x}$, $\log_4{x}$, and $\log_2{x}$, in that order, form a geometric progression with positive common ratio. The number $x$ can be written as $\frac{m}{n}$, where $m$ and $n$ are relatively prime positive integers. Find $m + n$.;Since these form a geometric series, $\frac{\log_2{x}}{\log_4{x}}$ is the common ratio. Rewriting this, we get $\frac{\log_x{4}}{\log_x{2}} = \log_2{4} = 2$ by base change formula. Therefore, the common ratio is 2. Now $\frac{\log_4{x}}{\log_8{2x}} = 2 \implies \log_4{x} = 2\log_8{2} + 2\log_8{x} \implies \frac{1}{2}\log_2{x} = \frac{2}{3} + \frac{2}{3}\log_2{x}$ $\implies -\frac{1}{6}\log_2{x} = \frac{2}{3} \implies \log_2{x} = -4 \implies x = \frac{1}{16}$. Therefore, $1 + 16 = \boxed{017}$.;17
A positive integer $N$ has base-eleven representation $\underline{a}\kern 0.1em\underline{b}\kern 0.1em\underline{c}$ and base-eight representation $\underline1\kern 0.1em\underline{b}\kern 0.1em\underline{c}\kern 0.1em\underline{a},$ where $a,b,$ and $c$ represent (not necessarily distinct) digits. Find the least such $N$ expressed in base ten.;From the given information, $121a+11b+c=512+64b+8c+a \implies 120a=512+53b+7c$. Since $a$, $b$, and $c$ have to be positive, $a \geq 5$. Since we need to minimize the value of $n$, we want to minimize $a$, so we have $a = 5$. Then we know $88=53b+7c$, and we can see the only solution is $b=1$, $c=5$. Finally, $515_{11} = 621_{10}$, so our answer is $\boxed{621}$.;621
Let $S$ be the set of positive integers $N$ with the property that the last four digits of $N$ are $2020,$ and when the last four digits are removed, the result is a divisor of $N.$ For example, $42,020$ is in $S$ because $4$ is a nivisor of $42,020.$ Find the sum of all the digits of all the numbers in $S.$ For example, the number $42,020$ contributes $4+2+0+2+0=8$ to this total.;We note that any number in $S$ can be expressed as $a(10,000) + 2,020$ for some integer $a$. The problem requires that $a$ divides this number, and since we know $a$ divides $a(10,000)$, we need that $a$ divides 2020. Each number contributes the sum of the digits of $a$, as well as $2 + 0 + 2 +0 = 4$. Since $2020$ can be prime factorized as $2^2 \cdot 5 \cdot 101$, it has $(2+1)(1+1)(1+1) = 12$ factors. So if we sum all the digits of all possible $a$ values, and add $4 \cdot 12 = 48$, we obtain the answer. Now we list out all factors of $2,020$, or all possible values of $a$. $1,2,4,5,10,20,101,202,404,505,1010,2020$. If we add up these digits, we get $45$, for a final answer of $45+48=\boxed{093}$.;93
Six cards numbered $1$ through $6$ are to be lined up in a row. Find the number of arrangements of these six cards where one of the cards can be removed leaving the remaining five cards in either ascending or descending order.;Realize that any sequence that works (ascending) can be reversed for descending, so we can just take the amount of sequences that satisfy the ascending condition and multiply by two. If we choose any of the numbers $1$ through $6$, there are five other spots to put them, so we get $6 \cdot 5 = 30$. However, we overcount some cases. Take the example of $132456$. We overcount this case because we can remove the $3$ or the $2$. Therefore, any cases with two adjacent numbers swapped is overcounted, so we subtract $5$ cases (namely, $213456, 132456, 124356, 123546, 123465$,) to get $30-5=25$, but we have to add back one more for the original case, $123456$. Therefore, there are $26$ cases. Multiplying by $2$ gives the desired answer, $\boxed{052}$.;52
A club consisting of $11$ men and $12$ women needs to choose a committee from among its members so that the number of women on the committee is one more than the number of men on the committee. The committee could have as few as $1$ member or as many as $23$ members. Let $N$ be the number of such committees that can be formed. Find the sum of the prime numbers that divide $N.$;Let $k$ be the number of women selected. Then, the number of men not selected is $11-(k-1)=12-k$. Note that the sum of the number of women selected and the number of men not selected is constant at $12$. Each combination of women selected and men not selected corresponds to a committee selection. Since choosing 12 individuals from the total of 23 would give $k$ women and $12-k$ men, the number of committee selections is $\binom{23}{12}$. The answer is $\boxed{081}$;81
A bug walks all day and sleeps all night. On the first day, it starts at point $O$, faces east, and walks a distance of $5$ units due east. Each night the bug rotates $60^\circ$ counterclockwise. Each day it walks in this new direction half as far as it walked the previous day. The bug gets arbitrarily close to the point $P$. Then $OP^2=\tfrac{m}{n}$, where $m$ and $n$ are relatively prime positive integers. Find $m+n$.;We place the ant at the origin of the complex plane with its first move being in the positive real direction. Then the ant's journey can be represented as the infinite series \[5\left(1 + \frac{e^{\frac{i\pi}{3}}}{2} + \left(\frac{e^{\frac{i\pi}{3}}}{2}\right)^2 + \cdots\right)\] Using the formula for an infinite geometric series, this is equal to \[\frac{5}{1 - \frac12e^{\frac{i\pi}{3}}} = \frac{5}{1 - \frac{1 + i\sqrt{3}}{4}} = \frac{20}{3 - i\sqrt{3}} = 5 + \frac{5i\sqrt{3}}{3}\] We are looking for the square of the modulus of this value: \[\left|\frac{5 + 5i\sqrt{3}}{3}\right|^2 = 25 + \frac{25}{3} = \frac{100}{3}\] so the answer is $100 + 3 = \boxed{103}$.;103
Let $S$ be the set of positive integer divisors of $20^9.$ Three numbers are chosen independently and at random with replacement from the set $S$ and labeled $a_1,a_2,$ and $a_3$ in the order they are chosen. The probability that both $a_1$ divides $a_2$ and $a_2$ divides $a_3$ is $\tfrac{m}{n},$ where $m$ and $n$ are relatively prime positive integers. Find $m.$;Note that the prime factorization of $20^9$ is $2^{18}\cdot5^{9}.$ The problem reduces to selecting independently the powers of $2$ and the powers of $5$ in the numbers $a_1$, $a_2$, and $a_3$. This is equivalent to selecting $3$ exponents for the powers of $2$ and $3$ exponents for the powers of $5$ and determining in each case the probability that the 3 exponents are chosen in nondecreasing order. Given a positive integer $k$, the probability that three integers $a$, $b$, and $c$ are chosen such that $0\le a \le b\le c \le k$ is the probability that $a$, $b+1$, and $c+2$ are chosen such that $0 \le a < b+1 < c+2 \le k+2$. There are $\binom {k+3}3$ ways to choose $a$, $b+1$, and $c+2$, so the probability that the integers are chosen in order is \[\frac{\binom{k+3}3}{(k+1)^3}.\]Thus the probability that three chosen divisors of $20^9$ satisfy the divisibility requirement is \[\frac{\binom{12}3}{10^3}\cdot\frac{\binom{21}3}{19^3}=\frac{12\cdot11\cdot10}{6\cdot10\cdot10\cdot10}\cdot\frac{21\cdot20\cdot19}{6\cdot19\cdot19\cdot19}=\frac{77}{1805}.\]The requested numerator is $77.$;77
Let $m$ and $n$ be positive integers satisfying the conditions $\quad\bullet\ \gcd(m+n,210)=1,$ $\quad\bullet\ m^m$ is a multiple of $n^n,$ and $\quad\bullet\ m$ is not a multiple of $n.$ Find the least possible value of $m+n.$;Taking inspiration from $4^4 \mid 10^{10}$ we are inspired to take $n$ to be $p^2$, the lowest prime not dividing $210$, or $11 \implies n = 121$. Now, there are $242$ factors of $11$, so $11^{242} \mid m^m$, and then $m = 11k$ for $k \geq 22$. Now, $\gcd(m+n, 210) = \gcd(11+k,210) = 1$. Noting $k = 26$ is the minimal that satisfies this, we get $(n,m) = (121,286)$. Thus, it is easy to verify this is minimal and we get $\boxed{407}$;407
For integers $a,b,c$ and $d,$ let $f(x)=x^2+ax+b$ and $g(x)=x^2+cx+d.$ Find the number of ordered triples $(a,b,c)$ of integers with absolute values not exceeding $10$ for which there is an integer $d$ such that $g(f(2))=g(f(4))=0.$;There can be two different cases for this problem, either $f(2)=f(4)$ or not. If it is, note that by Vieta's formulas $a = -6$. Then, $b$ can be anything. However, $c$ can also be anything, as we can set the root of $g$ (not equal to $f(2) = f(4)$) to any integer, producing a possible integer value of $d$. Therefore there are $21^2 = 441$ in this case*. If it isn't, then $f(2),f(4)$ are the roots of $g$. This means by Vieta's, that: \[f(2)+f(4) = -c \in [-10,10]\] \[20 + 6a + 2b \in [-10,10]\] \[3a + b \in [-15,-5].\] Solving these inequalities while considering that $a \neq -6$ to prevent $f(2) = f(4)$, we obtain $69$ possible tuples and adding gives $441+69=\boxed{510}$;510
Let $n$ be the least positive integer for which $149^n-2^n$ is divisible by $3^3\cdot5^5\cdot7^7.$ Find the number of positive integer divisors of $n.$;Note that for all $n$, $149^n - 2^n$ is divisible by $149-2 = 147$ by difference of $n$th powers. That is $3\cdot7^2$, so now we can clearly see that the smallest $n$ to make the expression divisible by $3^3$ is just $3^2$. Similarly, we can reason that the smallest $n$ to make the expression divisible by $7^7$ is just $7^5$. Finally, for $5^5$, take $\pmod {5}$ and $\pmod {25}$ of each quantity (They happen to both be $-1$ and $2$ respectively, so you only need to compute once). One knows from Fermat's theorem that the maximum possible minimum $n$ for divisibility by $5$ is $4$, and other values are factors of $4$. Testing all of them(just $1$,$2$,$4$ using mods-not too bad), $4$ is indeed the smallest value to make the expression divisible by $5$, and this clearly is NOT divisible by $25$. Therefore, the smallest $n$ to make this expression divisible by $5^5$ is $2^2 \cdot 5^4$. Calculating the LCM of all these, one gets $2^2 \cdot 3^2 \cdot 5^4 \cdot 7^5$. Using the factor counting formula, the answer is $3\cdot3\cdot5\cdot6$ = $\boxed{270}$.;270
Let $P(x)$ be a quadratic polynomial with complex coefficients whose $x^2$ coefficient is $1.$ Suppose the equation $P(P(x))=0$ has four distinct solutions, $x=3,4,a,b.$ Find the sum of all possible values of $(a+b)^2.$;Either $P(3) = P(4)$ or not. We first see that if $P(3) = P(4)$ it's easy to obtain by Vieta's that $(a+b)^2 = 49$. Now, take $P(3) \neq P(4)$ and WLOG $P(3) = P(a), P(4) = P(b)$. Now, consider the parabola formed by the graph of $P$. It has vertex $\frac{3+a}{2}$. Now, say that $P(x) = x^2 - (3+a)x + c$. We note $P(3)P(4) = c = P(3)\left(4 - 4a + \frac{8a - 1}{2}\right) \implies a = \frac{7P(3) + 1}{8}$. Now, we note $P(4) = \frac{7}{2}$ by plugging in again. Now, it's easy to find that $a = -2.5, b = -3.5$, yielding a value of $36$. Finally, we add $49 + 36 = \boxed{085}$;85
Find the number of ordered pairs of positive integers $(m,n)$ such that ${m^2n = 20 ^{20}}$.;In this problem, we want to find the number of ordered pairs $(m, n)$ such that $m^2n = 20^{20}$. Let $x = m^2$. Therefore, we want two numbers, $x$ and $n$, such that their product is $20^{20}$ and $x$ is a perfect square. Note that there is exactly one valid $n$ for a unique $x$, which is $\tfrac{20^{20}}{x}$. This reduces the problem to finding the number of unique perfect square factors of $20^{20}$. $20^{20} = 2^{40} \cdot 5^{20} = \left(2^2\right)^{20}\cdot\left(5^2\right)^{10}.$ Therefore, the answer is $21 \cdot 11 = \boxed{231}.$;231
Let $P$ be a point chosen uniformly at random in the interior of the unit square with vertices at $(0,0), (1,0), (1,1)$, and $(0,1)$. The probability that the slope of the line determined by $P$ and the point $\left(\frac58, \frac38 \right)$ is greater than or equal to $\frac12$ can be written as $\frac{m}{n}$, where $m$ and $n$ are relatively prime positive integers. Find $m+n$.;The areas bounded by the unit square and alternately bounded by the lines through $\left(\frac{5}{8},\frac{3}{8}\right)$ that are vertical or have a slope of $1/2$ show where $P$ can be placed to satisfy the condition. One of the areas is a trapezoid with bases $1/16$ and $3/8$ and height $5/8$. The other area is a trapezoid with bases $7/16$ and $5/8$ and height $3/8$. Then, \[\frac{\frac{1}{16}+\frac{3}{8}}{2}\cdot\frac{5}{8}+\frac{\frac{7}{16}+\frac{5}{8}}{2}\cdot\frac{3}{8}=\frac{86}{256}=\frac{43}{128}\implies43+128=\boxed{171}\];171
The value of $x$ that satisfies $\log_{2^x} 3^{20} = \log_{2^{x+3}} 3^{2020}$ can be written as $\frac{m}{n}$, where $m$ and $n$ are relatively prime positive integers. Find $m+n$.;Let $\log _{2^x}3^{20}=\log _{2^{x+3}}3^{2020}=n$. Based on the equation, we get $(2^x)^n=3^{20}$ and $(2^{x+3})^n=3^{2020}$. Expanding the second equation, we get $8^n\cdot2^{xn}=3^{2020}$. Substituting the first equation in, we get $8^n\cdot3^{20}=3^{2020}$, so $8^n=3^{2000}$. Taking the 100th root, we get $8^{\frac{n}{100}}=3^{20}$. Therefore, $(2^{\frac{3}{100}})^n=3^{20}$, and using the our first equation($2^{xn}=3^{20}$), we get $x=\frac{3}{100}$ and the answer is $\boxed{103}$;103
Triangles $\triangle ABC$ and $\triangle A'B'C'$ lie in the coordinate plane with vertices $A(0,0)$, $B(0,12)$, $C(16,0)$, $A'(24,18)$, $B'(36,18)$, $C'(24,2)$. A rotation of $m$ degrees clockwise around the point $(x,y)$ where $0<m<180$, will transform $\triangle ABC$ to $\triangle A'B'C'$. Find $m+x+y$.;Because the rotation sends the vertical segment $\overline{AB}$ to the horizontal segment $\overline{A'B'}$, the angle of rotation is $90^\circ$ degrees clockwise. For any point $(x,y)$ not at the origin, the line segments from $(0,0)$ to $(x,y)$ and from $(x,y)$ to $(x-y,y+x)$ are perpendicular and are the same length. Thus a $90^\circ$ clockwise rotation around the point $(x,y)$ sends the point $A(0,0)$ to the point $(x-y,y+x) = A'(24,18)$. This has the solution $(x,y) = (21,-3)$. The requested sum is $90+21-3=108$.;108
For each positive integer $n$, let $f(n)$ be the sum of the digits in the base-four representation of $n$ and let $g(n)$ be the sum of the digits in the base-eight representation of $f(n)$. For example, $f(2020) = f(133210_{\text{4}}) = 10 = 12_{\text{8}}$, and $g(2020) = \text{the digit sum of }12_{\text{8}} = 3$. Let $N$ be the least value of $n$ such that the base-sixteen representation of $g(n)$ cannot be expressed using only the digits $0$ through $9$. Find the remainder when $N$ is divided by $1000$.;First note that if $h_b(s)$ is the least positive integer whose digit sum, in some fixed base $b$, is $s$, then $h_b$ is a strictly increasing function. This together with the fact that $g(N) \ge 10$ shows that $f(N)$ is the least positive integer whose base-eight digit sum is 10. Thus $f(N) = 37_\text{eight} = 31$, and $N$ is the least positive integer whose base-four digit sum is $31.$ Therefore \[N = 13333333333_\text{four} = 2\cdot4^{10} - 1 = 2\cdot1024^2 - 1\] \[\equiv 2\cdot24^2 - 1 \equiv 151 \pmod{1000}.\];151
Define a sequence recursively by $t_1 = 20$, $t_2 = 21$, and\[t_n = \frac{5t_{n-1}+1}{25t_{n-2}}\]for all $n \ge 3$. Then $t_{2020}$ can be expressed as $\frac{p}{q}$, where $p$ and $q$ are relatively prime positive integers. Find $p+q$.;Let $t_n=\frac{s_n}{5}$. Then, we have $s_n=\frac{s_{n-1}+1}{s_{n-2}}$ where $s_1 = 100$ and $s_2 = 105$. By substitution, we find $s_3 = \frac{53}{50}$, $s_4=\frac{103}{105\cdot50}$, $s_5=\frac{101}{105}$, $s_6=100$, and $s_7=105$. So $s_n$ has a period of $5$. Thus $s_{2020}=s_5=\frac{101}{105}$. So, $\frac{101}{105\cdot 5}\implies 101+525=\boxed{626}$;626
Define a sequence recursively by $f_1(x)=|x-1|$ and $f_n(x)=f_{n-1}(|x-n|)$ for integers $n>1$. Find the least value of $n$ such that the sum of the zeros of $f_n$ exceeds $500,000$.;First it will be shown by induction that the zeros of $f_n$ are the integers $a, {a+2,} {a+4,} \dots, {a + n(n-1)}$, where $a = n - \frac{n(n-1)}2.$ This is certainly true for $n=1$. Suppose that it is true for $n = m-1 \ge 1$, and note that the zeros of $f_m$ are the solutions of $|x - m| = k$, where $k$ is a nonnegative zero of $f_{m-1}$. Because the zeros of $f_{m-1}$ form an arithmetic sequence with common difference $2,$ so do the zeros of $f_m$. The greatest zero of $f_{m-1}$ is\[m-1+\frac{(m-1)(m-2)}2 =\frac{m(m-1)}2,\]so the greatest zero of $f_m$ is $m+\frac{m(m-1)}2$ and the least is $m-\frac{m(m-1)}2$. It follows that the number of zeros of $f_n$ is $\frac{n(n-1)}2+1=\frac{n^2-n+2}2$, and their average value is $n$. The sum of the zeros of $f_n$ is\[\frac{n^3-n^2+2n}2.\]Let $S(n)=n^3-n^2+2n$, so the sum of the zeros exceeds $500{,}000$ if and only if $S(n) > 1{,}000{,}000 = 100^3\!.$ Because $S(n)$ is increasing for $n > 2$, the values $S(100) = 1{,}000{,}000 - 10{,}000 + 200 = 990{,}200$ and $S(101)=1{,}030{,}301 - 10{,}201 + 202 = 1{,}020{,}302$ show that the requested value of $n$ is $\boxed{101}$.;101
While watching a show, Ayako, Billy, Carlos, Dahlia, Ehuang, and Frank sat in that order in a row of six chairs. During the break, they went to the kitchen for a snack. When they came back, they sat on those six chairs in such a way that if two of them sat next to each other before the break, then they did not sit next to each other after the break. Find the number of possible seating orders they could have chosen after the break.;We proceed with casework based on the person who sits first after the break. $\textbf{Case 1:}$ A is first. Then the first three people in the row can be ACE, ACF, ADB, ADF, AEB, AEC, AFB, AFC, or AFD, which yield 2, 1, 2, 2, 1, 2, 0, 1, and 1 possible configurations, respectively, implying 2 + 1 + 2 + 2 + 1 + 2 + 0 + 1 + 1 = 12 possible configurations in this case. $\textbf{Case 2:}$ B is first. Then the first three people in the row can be BDA, BDF, BEA, BEC, BFA, BFC, or BFD, which yield 2, 4, 2, 4, 0, 1, and 2 possible configurations, respectively, implying 2 + 4 + 2 + 4 + 0 + 1 + 2 = 15 possible configurations in this case. $\textbf{Case 3:}$ C is first. Then the first three people in the row can be CAD, CAE, CAF, CEA, CEB, CFA, CFB, or CFD, which yield 1, 2, 1, 4, 4, 2, 2, and 2 possible configurations, respectively, implying 1 + 2 + 1 + 4 + 4 + 2 + 2 + 2 = 18 possible configurations in this case. Finally, the number of valid configurations for A and F, B and E, and C and D are equal by symmetry, so our final answer is 2(12 + 15 + 18), which computes to be $\boxed{090}.$;90
Find the sum of all positive integers $n$ such that when $1^3+2^3+3^3+\cdots +n^3$ is divided by $n+5$, the remainder is $17$.;The formula for the sum of cubes, also known as Nicomachus's Theorem, is as follows: \[1^3+2^3+3^3+\dots+k^3=(1+2+3+\dots+k)^2=\left(\frac{k(k+1)}{2}\right)^2\] for any positive integer $k$. So let's apply this to this problem. Let $m=n+5$. Then we have \begin{align*} 1^3+2^3+3^3+\dots+(m-5)^3&\equiv 17 \mod m \\ \left(\frac{(m-5)(m-4)}{2}\right)^2&\equiv 17 \mod m \\ \left(\dfrac{m(m-9)+20}2\right)^2&\equiv 17\mod m \\ \left(\dfrac{20}2\right)^2&\equiv 17\mod m \\ \frac{400}{4}&\equiv 17 \mod m \\ 332 &\equiv 0 \mod m \\ \end{align*} So, $m\in\{83,166,332\}$. Testing the cases, only $332$ fails. This leaves $78+161=\boxed{239}$.;239
Let $P(x) = x^2 - 3x - 7$, and let $Q(x)$ and $R(x)$ be two quadratic polynomials also with the coefficient of $x^2$ equal to $1$. David computes each of the three sums $P + Q$, $P + R$, and $Q + R$ and is surprised to find that each pair of these sums has a common root, and these three common roots are distinct. If $Q(0) = 2$, then $R(0) = \frac{m}{n}$, where $m$ and $n$ are relatively prime positive integers. Find $m + n$.;Let the common root of $P+Q$ and $P+R$ be $p$, the common root of $P+Q$ and $Q+R$ be $q$, and the common root of $Q+R$ and $P+R$ be $r$. Because $p$ and $q$ are both roots of $P+Q$ and $P+Q$ has leading coefficient $2$, it follows that $P(x) + Q(x) = 2(x-p)(x-q).$ Similarly, $P(x) + R(x) = 2(x-p)(x-r)$ and $Q(x) + R(x) = 2(x-q)(x-r)$. Adding these three equations together and dividing by $2$ yields\[P(x) + Q(x) + R(x) = (x-p)(x-q) + (x-p)(x-r) + (x-q)(x-r),\]so \[P(x) = (P(x) + Q(x) + R(x)) - (Q(x) + R(x))\] \[= (x-p)(x-q) + (x-p)(x-r) - (x-q)(x-r)\] \[= x^2 - 2px + (pq + pr - qr).\] Similarly, \[Q(x) = x^2 - 2qx + (pq + qr - pr) \text{~ and}\] \[R(x) = x^2 - 2rx + (pr + qr - pq).\] Comparing the $x$ coefficients yields $p = \tfrac32$, and comparing the constant coefficients yields $-7 = pq + pr - qr = \tfrac32(q+r) - qr$. The fact that $Q(0) = 2$ implies that $\tfrac32(q-r) + qr = 2$. Adding these two equations yields $q = -\tfrac53$, and so substituting back in to solve for $r$ gives $r=-\tfrac{27}{19}$. Finally,\[R(0) = pr + qr - pq = \left(-\frac{27}{19}\right)\left(\frac32-\frac53\right) + \frac52 = \frac{9}{38} + \frac52 = \frac{52}{19}.\]The requested sum is $52 + 19 = 71$;71
Let $m$ and $n$ be odd integers greater than $1.$ An $m\times n$ rectangle is made up of unit squares where the squares in the top row are numbered left to right with the integers $1$ through $n$, those in the second row are numbered left to right with the integers $n + 1$ through $2n$, and so on. Square $200$ is in the top row, and square $2000$ is in the bottom row. Find the number of ordered pairs $(m,n)$ of odd integers greater than $1$ with the property that, in the $m\times n$ rectangle, the line through the centers of squares $200$ and $2000$ intersects the interior of square $1099$.;Let us take some cases. Since $m$ and $n$ are odds, and $200$ is in the top row and $2000$ in the bottom, $m$ has to be $3$, $5$, $7$, or $9$. Also, taking a look at the diagram, the slope of the line connecting those centers has to have an absolute value of $< 1$. Therefore, $m < 1800 \mod n < 1800-m$. If $m=3$, $n$ can range from $667$ to $999$. However, $900$ divides $1800$, so looking at mods, we can easily eliminate $899$ and $901$. Now, counting these odd integers, we get $167 - 2 = 165$. Similarly, let $m=5$. Then $n$ can range from $401$ to $499$. However, $450|1800$, so one can remove $449$ and $451$. Counting odd integers, we get $50 - 2 = 48$. Take $m=7$. Then, $n$ can range from $287$ to $333$. However, $300|1800$, so one can verify and eliminate $299$ and $301$. Counting odd integers, we get $24 - 2 = 22$. Let $m = 9$. Then $n$ can vary from $223$ to $249$. However, $225|1800$. Checking that value and the values around it, we can eliminate $225$. Counting odd integers, we get $14 - 1 = 13$. Add all of our cases to get \[165+48+22+13 = \boxed{248}\];248
Convex pentagon $ABCDE$ has side lengths $AB=5$, $BC=CD=DE=6$, and $EA=7$. Moreover, the pentagon has an inscribed circle (a circle tangent to each side of the pentagon). Find the area of $ABCDE$.;Assume the incircle touches $AB$, $BC$, $CD$, $DE$, $EA$ at $P,Q,R,S,T$ respectively. Then let $PB=x=BQ=RD=SD$, $ET=y=ES=CR=CQ$, $AP=AT=z$. So we have $x+y=6$, $x+z=5$ and $y+z$=7, solve it we have $x=2$, $z=3$, $y=4$. Let the center of the incircle be $I$, by SAS we can proof triangle $BIQ$ is congruent to triangle $DIS$, and triangle $CIR$ is congruent to triangle $SIE$. Then we have $\angle AED=\angle BCD$, $\angle ABC=\angle CDE$. Extend $CD$, cross ray $AB$ at $M$, ray $AE$ at $N$, then by AAS we have triangle $END$ is congruent to triangle $BMC$. Thus $\angle M=\angle N$. Let $EN=MC=a$, then $BM=DN=a+2$. So by law of cosine in triangle $END$ and triangle $ANM$ we can obtain \[\frac{2a+8}{2(a+7)}=\cos N=\frac{a^2+(a+2)^2-36}{2a(a+2)}\], solved it gives us $a=8$, which yield triangle $ANM$ to be a triangle with side length 15, 15, 24, draw a height from $A$ to $NM$ divides it into two triangles with side lengths 9, 12, 15, so the area of triangle $ANM$ is 108. Triangle $END$ is a triangle with side lengths 6, 8, 10, so the area of two of them is 48, so the area of pentagon is $108-48=\boxed{60}$.;60
For a real number $x$ let $\lfloor x\rfloor$ be the greatest integer less than or equal to $x$, and define $\{x\} = x - \lfloor x \rfloor$ to be the fractional part of $x$. For example, $\{3\} = 0$ and $\{4.56\} = 0.56$. Define $f(x)=x\{x\}$, and let $N$ be the number of real-valued solutions to the equation $f(f(f(x)))=17$ for $0\leq x\leq 2020$. Find the remainder when $N$ is divided by $1000$.;Note that the upper bound for our sum is $2019,$ and not $2020,$ because if it were $2020$ then the function composition cannot equal to $17.$ From there, it's not too hard to see that, by observing the function composition from right to left, $N$ is (note that the summation starts from the right to the left): \[\sum_{x=17}^{2019} \sum_{y=x}^{2019} \sum_{z=y}^{2019} 1 .\] One can see an easy combinatorical argument exists which is the official solution, but I will present another solution here for the sake of variety. Applying algebraic manipulation and the hockey-stick identity $3$ times gives \[\sum_{x=17}^{2019} \sum_{y=x}^{2019} \sum_{z=y}^{2019} 1\] \[=\sum_{x=17}^{2019} \sum_{y=x}^{2019} \sum_{z=y}^{2019} \binom{z-y}{0}\] \[=\sum_{x=17}^{2019} \sum_{y=x}^{2019} \binom{2020-y}{1}\] \[=\sum_{x=17}^{2019} \binom{2021-x}{2}\] \[=\binom{2005}{3}\] Hence, \[N = \frac{2005 \cdot 2004 \cdot 2003}{3 \cdot 2\cdot 1} \equiv 10 (\mathrm{mod} \hskip .2cm 1000)\];10
Zou and Chou are practicing their $100$-meter sprints by running $6$ races against each other. Zou wins the first race, and after that, the probability that one of them wins a race is $\frac23$ if they won the previous race but only $\frac13$ if they lost the previous race. The probability that Zou will win exactly $5$ of the $6$ races is $\frac mn$, where $m$ and $n$ are relatively prime positive integers. Find $m+n.$;We have $5$ cases, depending on which race Zou lost. Let $\text{W}$ denote a won race, and $\text{L}$ denote a lost race for Zou. The possible cases are $\text{WWWWL, WWWLW, WWLWW, WLWWW, LWWWW}$. The first case has probability $\left(\frac{2}{3} \right)^4 \cdot \frac{1}{3} = \frac{16}{3^5}$. The second case has probability $\left( \frac{2}{3} \right)^3 \cdot \frac{1}{3} \cdot \frac{1}{3} = \frac{8}{3^5}$. The third has probability $\left( \frac{2}{3} \right)^2 \cdot \frac{1}{3} \cdot \frac{1}{3} \cdot \frac{2}{3} = \frac{8}{3^5}$. The fourth has probability $\frac{2}{3} \cdot \frac{1}{3} \cdot \frac{1}{3} \cdot \left( \frac{2}{3} \right)^2 = \frac{8}{3^5}$. Lastly, the fifth has probability $\frac{1}{3} \cdot \frac{1}{3} \cdot \left( \frac{2}{3} \right)^3 = \frac{8}{3^5}$. Adding these up, the total probability is $\frac{16 + 8 \cdot 4}{3^5} = \frac{16 \cdot 3}{3^5} = \frac{16}{81}$, so $m+n = \boxed{097}$;97
Find the number of positive integers less than $1000$ that can be expressed as the difference of two integral powers of $2.$;We want to find the number of positive integers $n<1000$ which can be written in the form $n = 2^a - 2^b$ for some non-negative integers $a > b \ge 0$ (note that if $a=b$, then $2^a-2^b = 0$). We first observe $a$ must be at most 10, if $a \ge 11$, then $2^a - 2^b \ge 2^{10} > 1000$. As $2^{10} = 1024 \approx 1000$, we can first choose two different numbers $a > b$ from the set $\{0,1,2,\ldots,10\}$ in $\binom{11}{2}=55$ ways. This includes $(a,b) = (10,0)$, $(10,1)$, $(10,2)$, $(10,3)$, $(10,4)$ which are invalid as $2^a - 2^b > 1000$ in this case. For all other choices $a$ and $b$, the value of $2^a - 2^b$ is less than 1000. We claim that for all other choices of $a$ and $b$, the values of $2^a - 2^b$ are pairwise distinct. More specifically, if $(a_1,b_1) \neq (a_2,b_2)$ where $10 \ge a_1 > b_1 \ge 0$ and $10 \ge a_2 > b_2 \ge 0$, we must show that $2^{a_1}-2^{b_1} \neq 2^{a_2} - 2^{b_2}$. Suppose otherwise for sake of contradiction, rearranging yields $2^{a_1}+2^{b_2} = 2^{a_2}+2^{b_1}$. We use the fact that every positive integer has a unique binary representation: If $a_1 \neq b_2$ then $\{a_1,b_2\} = \{a_2,b_1\}$, from here we can deduce either $a_1=a_2$ and $b_1=b_2$ (contradicting the assumption that $(a_1,b_1) \neq (a_2,b_2)$, or $a_1=b_1$ and $a_2=b_2$ (contradicting the assumption $a_1>b_1$ and $a_2>b_2$). If $a_1 = b_2$ then $2^{a_1}+2^{b_2} = 2 \times 2^{a_1}$, and it follows that $a_1=a_2=b_1=b_2$, also contradicting the assumption $(a_1,b_1) \neq (a_2,b_2)$. Hence we obtain contradiction.* Then there are $\binom{11}{2}-5$ choices for $(a,b)$ for which $2^a - 2^b$ is a positive integer less than 1000, by the above claim, each choice of $(a,b)$ results in a different positive integer $n$. Then there are $55-5 = \boxed{050}$ integers which can be expressed as a difference of two powers of 2.;50
Find the number of ways $66$ identical coins can be separated into three nonempty piles so that there are fewer coins in the first pile than in the second pile and fewer coins in the second pile than in the third pile.;Suppose we have $1$ coin in the first pile. Then $(1, 2, 63), (1, 3, 62), \ldots, (1, 32, 33)$ all work for a total of $31$ piles. Suppose we have $2$ coins in the first pile, then $(2, 3, 61), (2, 4, 60), \ldots, (2, 31, 33)$ all work, for a total of $29$. Continuing this pattern until $21$ coins in the first pile, we have the sum \begin{align*} 31+29+28+26+25+\cdots+4+2+1 &= (31+28+25+22+\cdots+1)+(29+26+23+\cdots+2) \\ &= 176+155 \\ &= \boxed{331}. \end{align*};331
Call a three-term strictly increasing arithmetic sequence of integers special if the sum of the squares of the three terms equals the product of the middle term and the square of the common difference. Find the sum of the third terms of all special sequences.;Let the terms be $a-b$, $a$, and $a+b$. Then we want $(a-b)^2+a^2+(a+b)^2=ab^2$, or $3a^2+2b^2=ab^2$. Rearranging, we get $b^2=\frac{3a^2}{a-2}$. Simplifying further, $b^2=3a+6+\frac{12}{a-2}$. Looking at this second equation, since the right side must be an integer, $a-2$ must equal $\pm1, 2, 3, 4, 6, 12$. Looking at the first equation, we see $a>2$ since $b^2$ is positive. This means we must test $a=3, 4, 5, 6, 8, 14$. After testing these, we see that only $a=5$ and $a=14$ work which give $b=5$ and $b=7$ respectively. Thus the answer is $10+21=\boxed{031}$;31
Segments $\overline{AB}, \overline{AC},$ and $\overline{AD}$ are edges of a cube and $\overline{AG}$ is a diagonal through the center of the cube. Point $P$ satisfies $BP=60\sqrt{10}$, $CP=60\sqrt{5}$, $DP=120\sqrt{2}$, and $GP=36\sqrt{7}$. Find $AP.$;First scale down the whole cube by $12$. Let point $P$ have coordinates $(x, y, z)$, point $A$ have coordinates $(0, 0, 0)$, and $s$ be the side length. Then we have the equations \begin{align*} (s-x)^2+y^2+z^2&=\left(5\sqrt{10}\right)^2, \\ x^2+(s-y)^2+z^2&=\left(5\sqrt{5}\right)^2, \\ x^2+y^2+(s-z)^2&=\left(10\sqrt{2}\right)^2, \\ (s-x)^2+(s-y)^2+(s-z)^2&=\left(3\sqrt{7}\right)^2. \end{align*} These simplify into \begin{align*} s^2+x^2+y^2+z^2-2sx&=250, \\ s^2+x^2+y^2+z^2-2sy&=125, \\ s^2+x^2+y^2+z^2-2sz&=200, \\ 3s^2-2s(x+y+z)+x^2+y^2+z^2&=63. \end{align*} Adding the first three equations together, we get $3s^2-2s(x+y+z)+3(x^2+y^2+z^2)=575$. Subtracting this from the fourth equation, we get $2(x^2+y^2+z^2)=512$, so $x^2+y^2+z^2=256$. This means $PA=16$. However, we scaled down everything by $12$ so our answer is $16*12=\boxed{192}$.;192
Find the number of pairs $(m,n)$ of positive integers with $1\le m<n\le 30$ such that there exists a real number $x$ satisfying $\sin(mx) + \sin(nx) = 2$;It is trivial that the maximum value of $\sin \theta$ is $1$, is achieved at $\theta = \frac{\pi}{2}+2k\pi$ for some integer $k$. This implies that $\sin(mx) = \sin(nx) = 1$, and that $mx = \frac{\pi}{2}+2a\pi$ and $nx = \frac{\pi}{2}+2b\pi$, for integers $a, b$. Taking their ratio, we have \[\frac{mx}{nx} = \frac{\frac{\pi}{2}+2a\pi}{\frac{\pi}{2}+2b\pi} \implies \frac{m}{n} = \frac{4a + 1}{4b + 1} \implies \frac{m}{4a + 1} = \frac{n}{4b + 1} = k.\] It remains to find all $m, n$ that satisfy this equation. If $k = 1$, then $m \equiv n \equiv 1 \pmod 4$. This corresponds to choosing two elements from the set $\{1, 5, 9, 13, 17, 21, 25, 29\}$. There are $\binom 82$ ways to do so. If $k < 1$, by multiplying $m$ and $n$ by the same constant $c = \frac{1}{k}$, we have that $mc \equiv nc \equiv 1 \pmod 4$. Then either $m \equiv n \equiv 1 \pmod 4$, or $m \equiv n \equiv 3 \pmod 4$. But the first case was already counted, so we don't need to consider that case. The other case corresponds to choosing two numbers from the set $\{3, 7, 11, 15, 19, 23, 27\}$. There are $\binom 72$ ways here. (This argument seems to have a logical flaw). Finally, if $k > 1$, note that $k$ must be an integer. This means that $m, n$ belong to the set $\{k, 5k, 9k, \dots\}$, or $\{3k, 7k, 11k, \dots\}$. Taking casework on $k$, we get the sets $\{2, 10, 18, 26\}, \{6, 14, 22, 30\}, \{4, 20\}, \{12, 28\}$. Some sets have been omitted, this is because they were counted in the other cases already. This sums to $\binom 42 + \binom 42 + \binom 22 + \binom 22$. In total, there are $\binom 82 + \binom 72 + \binom 42 + \binom 42 + \binom 22 + \binom 22 = \boxed{063}$ pairs of $(m, n)$.;63
Find the number of integers $c$ such that the equation \[\left||20|x|-x^2|-c\right|=21\]has $12$ distinct real solutions.;Removing the absolute value bars from the equation successively, we get \begin{align*} \left|\left|20|x|-x^2\right|-c\right|&=21 \\ \left|20|x|-x^2\right|&= c \pm21 \\ 20|x|-x^2 &= \pm c \pm 21 \\ x^2 \pm 20x \pm c \pm21 &= 0. \end{align*} The discriminant of this equation is \[\sqrt{400-4(\pm c \pm 21)}.\] Equating the discriminant to $0$, we see that there will be two distinct solutions to each of the possible quadratics above only in the interval $-79 < c < 79$. However, the number of zeros the equation $ax^2+b|x|+k$ has is determined by where $ax^2+bx+k$ and $ax^2-bx+k$ intersect, namely at $(0,k)$. When $k<0$, $a>0$, $ax^2+b|x|+k$ will have only $2$ solutions, and when $k>0$, $a>0$, then there will be $4$ real solutions, if they exist at all. In order to have $12$ solutions here, we thus need to ensure $-c+21<0$, so that exactly $2$ out of the $4$ possible equations of the form $ax^2+b|x|+k$ given above have y-intercepts below $0$ and only $2$ real solutions, while the remaining $2$ equations have $4$ solutions. This occurs when $c>21$, so our final bounds are $21<c<79$, giving us $\boxed{057}$ valid values of $c$.;57
Consider the sequence $(a_k)_{k\ge 1}$ of positive rational numbers defined by $a_1 = \frac{2020}{2021}$ and for $k\ge 1$, if $a_k = \frac{m}{n}$ for relatively prime positive integers $m$ and $n$, then \[a_{k+1} = \frac{m + 18}{n+19}.\]Determine the sum of all positive integers $j$ such that the rational number $a_j$ can be written in the form $\frac{t}{t+1}$ for some positive integer $t$.;We know that $a_{1}=\tfrac{t}{t+1}$ when $t=2020$ so $1$ is a possible value of $j$. Note also that $a_{2}=\tfrac{2038}{2040}=\tfrac{1019}{1020}=\tfrac{t}{t+1}$ for $t=1019$. Then $a_{2+q}=\tfrac{1019+18q}{1020+19q}$ unless $1019+18q$ and $1020+19q$ are not relatively prime which happens when $q+1$ divides $18q+1019$ (by the Euclidean Algorithm), or $q+1$ divides $1001$. Thus, the least value of $q$ is $6$ and $j=2+6=8$. We know $a_{8}=\tfrac{1019+108}{1020+114}=\tfrac{1127}{1134}=\tfrac{161}{162}$. Now $a_{8+q}=\tfrac{161+18q}{162+19q}$ unless $18q+161$ and $19q+162$ are not relatively prime which happens the first time $q+1$ divides $18q+161$ or $q+1$ divides $143$ or $q=10$, and $j=8+10=18$. We have $a_{18}=\tfrac{161+180}{162+190}=\tfrac{341}{352}=\tfrac{31}{32}$. Now $a_{18+q}=\tfrac{31+18q}{32+19q}$ unless $18q+31$ and $19q+32$ are not relatively prime. This happens the first time $q+1$ divides $18q+31$ implying $q+1$ divides $13$, which is prime so $q=12$ and $j=18+12=30$. We have $a_{30}=\tfrac{31+216}{32+228}=\tfrac{247}{260}=\tfrac{19}{20}$. We have $a_{30+q}=\tfrac{18q+19}{19q+20}$, which is always reduced by EA, so the sum of all $j$ is $1+2+8+18+30=\boxed{059}$.;59
Let $A_1A_2A_3\ldots A_{12}$ be a dodecagon ($12$-gon). Three frogs initially sit at $A_4,A_8,$ and $A_{12}$. At the end of each minute, simultaneously, each of the three frogs jumps to one of the two vertices adjacent to its current position, chosen randomly and independently with both choices being equally likely. All three frogs stop jumping as soon as two frogs arrive at the same vertex at the same time. The expected number of minutes until the frogs stop jumping is $\frac mn$, where $m$ and $n$ are relatively prime positive integers. Find $m+n$.;Define the distance between two frogs as the number of sides between them that do not contain the third frog. Let $E(a,b,c)$ denote the expected number of minutes until the frogs stop jumping, such that the distances between the frogs are $a,b,$ and $c$ (in either clockwise or counterclockwise order). Without the loss of generality, assume that $a\leq b\leq c.$ We wish to find $E(4,4,4).$ Note that: At any moment before the frogs stop jumping, the only possibilities for $(a,b,c)$ are $(4,4,4),(2,4,6),$ and $(2,2,8).$ $E(a,b,c)$ does not depend on the actual positions of the frogs, but depends on the distances between the frogs. At the end of each minute, each frog has $2$ outcomes. So, there are $2^3=8$ outcomes in total. We have the following system of equations: \begin{align*} E(4,4,4)&=1+\frac{2}{8}E(4,4,4)+\frac{6}{8}E(2,4,6), \\ E(2,4,6)&=1+\frac{4}{8}E(2,4,6)+\frac{1}{8}E(4,4,4)+\frac{1}{8}E(2,2,8), \\ E(2,2,8)&=1+\frac{2}{8}E(2,2,8)+\frac{2}{8}E(2,4,6). \end{align*} Rearranging and simplifying each equation, we get \begin{align*} E(4,4,4)&=\frac{4}{3}+E(2,4,6), &(1) \\ E(2,4,6)&=2+\frac{1}{4}E(4,4,4)+\frac{1}{4}E(2,2,8), &\hspace{12.75mm}(2) \\ E(2,2,8)&=\frac{4}{3}+\frac{1}{3}E(2,4,6). &(3) \end{align*} Substituting $(1)$ and $(3)$ into $(2),$ we obtain \[E(2,4,6)=2+\frac{1}{4}\left[\frac{4}{3}+E(2,4,6)\right]+\frac{1}{4}\left[\frac{4}{3}+\frac{1}{3}E(2,4,6)\right],\] from which $E(2,4,6)=4.$ Substituting this into $(1)$ gives $E(4,4,4)=\frac{16}{3}.$ Therefore, the answer is $16+3=\boxed{019}.$;19
Circles $\omega_1$ and $\omega_2$ with radii $961$ and $625$, respectively, intersect at distinct points $A$ and $B$. A third circle $\omega$ is externally tangent to both $\omega_1$ and $\omega_2$. Suppose line $AB$ intersects $\omega$ at two points $P$ and $Q$ such that the measure of minor arc $\widehat{PQ}$ is $120^{\circ}$. Find the distance between the centers of $\omega_1$ and $\omega_2$.;Let $O_{1}$, $O_{2}$, and $O$ be the centers of $\omega_{1}$, $\omega_{2}$, and $\omega$ with $r_{1}$, $r_{2}$, and $r$ their radii, respectively. Then, the distance from $O$ to the radical axis $\ell\equiv\overline{AB}$ of $\omega_{1}, \omega_{2}$ is equal to $\frac{1}{2}r$. Let $x=O_{1}O_{2}$ and $O^{\prime}$ the orthogonal projection of $O$ onto line $\ell$. Define the function $f:\mathbb{R}^{2}\rightarrow\mathbb{R}$ by \[f(X)=\text{Pow}_{\omega_{1}}(X)-\text{Pow}_{\omega_{2}}(X).\] Then \begin{align*} f(O_{1})=-r_{1}^{2}-(x-r_{2})(x+r_{2})&=-x^{2}+r_{2}^{2}-r_{1}^{2}, \\ f(O_{2})=(x-r_{1})(x+r_{1})-(-r_{2}^{2})&=x^{2}+r_{2}^{2}-r_{1}^{2}, \\ f(O)=r(r+2r_{1})-r(r+2r_{2})&=2r(r_{1}-r_{2}), \\ f(O^{\prime})&=0. \end{align*} By linearity, \[\frac{f(O_{2})-f(O_{1})}{f(O)-f(O^{\prime})}=\frac{O_{1}O_{2}}{OO^{\prime}}=\frac{x}{\tfrac{1}{2}r}=\frac{2x}{r}.\] Notice that $f(O_{2})-f(O_{1})=x^{2}-(-x^{2})=2x^{2}$ and $f(O)-f(O^{\prime})=2r(r_{1}-r_{2})$, thus \begin{align*}\frac{2x^{2}}{2r(r_{1}-r_{2})}&=\frac{2x}{r}\end{align*} Dividing both sides by $\frac{2x}{r}$ (which is obviously nonzero as $x$ is nonzero) gives us \begin{align*}\frac{x}{2(r_{1}-r_{2})}&=1\end{align*} so $x=2(r_{1}-r_{2})$. Since $r_{1}=961$ and $r_{2}=625$, the answer is $x=2\cdot(961-625)=\boxed{672}$.;672
For any positive integer $a, \sigma(a)$ denotes the sum of the positive integer divisors of $a$. Let $n$ be the least positive integer such that $\sigma(a^n)-1$ is divisible by $2021$ for all positive integers $a$. Find the sum of the prime factors in the prime factorization of $n$.;We first claim that $n$ must be divisible by $42$. Since $\sigma(a^n)-1$ is divisible by $2021$ for all positive integers $a$, we can first consider the special case where $a$ is prime and $a \neq 0,1 \pmod{43}$. By Dirichlet's Theorem (Refer to the Remark section.), such $a$ always exists. Then $\sigma(a^n)-1 = \sum_{i=1}^n a^i = a\left(\frac{a^n - 1}{a-1}\right)$. In order for this expression to be divisible by $2021=43\cdot 47$, a necessary condition is $a^n - 1 \equiv 0 \pmod{43}$. By Fermat's Little Theorem, $a^{42} \equiv 1 \pmod{43}$. Moreover, if $a$ is a primitive root modulo $43$, then $\text{ord}_{43}(a) = 42$, so $n$ must be divisible by $42$. By similar reasoning, $n$ must be divisible by $46$, by considering $a \not\equiv 0,1 \pmod{47}$. We next claim that $n$ must be divisible by $43$. By Dirichlet, let $a$ be a prime that is congruent to $1 \pmod{43}$. Then $\sigma(a^n) \equiv n+1 \pmod{43}$, so since $\sigma(a^n)-1$ is divisible by $43$, $n$ is a multiple of $43$. Alternatively, since $\left(\frac{a(a^n - 1^n)}{a-1}\right)$ must be divisible by $43,$ by LTE, we have $v_{43}(a)+v_{43}{(a-1)}+v_{43}{(n)}-v_{43}{(a-1)} \geq 1,$ which simplifies to $v_{43}(n) \geq 1,$ which implies the desired result. Similarly, $n$ is a multiple of $47$. Lastly, we claim that if $n = \text{lcm}(42, 46, 43, 47)$, then $\sigma(a^n) - 1$ is divisible by $2021$ for all positive integers $a$. The claim is trivially true for $a=1$ so suppose $a>1$. Let $a = p_1^{e_1}\ldots p_k^{e_k}$ be the prime factorization of $a$. Since $\sigma(n)$ is multiplicative, we have \[\sigma(a^n) - 1 = \prod_{i=1}^k \sigma(p_i^{e_in}) - 1.\] We can show that $\sigma(p_i^{e_in}) \equiv 1 \pmod{2021}$ for all primes $p_i$ and integers $e_i \ge 1$, so \[\sigma(p_i^{e_in}) = 1 + (p_i + p_i^2 + \ldots + p_i^n) + (p_i^{n+1} + \ldots + p_i^{2n}) + \ldots + (p_i^{n(e_i-1)+1} + \ldots + p_i^{e_in}),\] where each expression in parentheses contains $n$ terms. It is easy to verify that if $p_i = 43$ or $p_i = 47$ then $\sigma(p_i^{e_in}) \equiv 1 \pmod{2021}$ for this choice of $n$, so suppose $p_i \not\equiv 0 \pmod{43}$ and $p_i \not\equiv 0 \pmod{47}$. Each expression in parentheses equals $\frac{p_i^n - 1}{p_i - 1}$ multiplied by some power of $p_i$. If $p_i \not\equiv 1 \pmod{43}$, then FLT implies $p_i^n - 1 \equiv 0 \pmod{43}$, and if $p_i \equiv 1 \pmod{43}$, then $p_i + p_i^2 + \ldots + p_i^n \equiv 1 + 1 + \ldots + 1 \equiv 0 \pmod{43}$ (since $n$ is also a multiple of $43$, by definition). Similarly, we can show $\sigma(p_i^{e_in}) \equiv 1 \pmod{47}$, and a simple CRT argument shows $\sigma(p_i^{e_in}) \equiv 1 \pmod{2021}$. Then $\sigma(a^n) \equiv 1^k \equiv 1 \pmod{2021}$. Then the prime factors of $n$ are $2,3,7,23,43,$ and $47,$ and the answer is $2+3+7+23+43+47 = \boxed{125}$.;125
Let $S$ be the set of positive integers $k$ such that the two parabolas\[y=x^2-k~~\text{and}~~x=2(y-20)^2-k\]intersect in four distinct points, and these four points lie on a circle with radius at most $21$. Find the sum of the least element of $S$ and the greatest element of $S$.;Make the translation $y \rightarrow y+20$ to obtain $20+y=x^2-k$ and $x=2y^2-k$. Multiply the first equation by $2$ and sum, we see that $2(x^2+y^2)=3k+40+2y+x$. Completing the square gives us $\left(y- \frac{1}{2}\right)^2+\left(x - \frac{1}{4}\right)^2 = \frac{325+24k}{16}$, this explains why the two parabolas intersect at four points that lie on a circle*. For the upper bound, observe that $LHS \leq 21^2=441 \rightarrow 24k \leq 6731$, so $k \leq 280$. For the lower bound, we need to ensure there are $4$ intersections to begin with. (Here I'm using the un-translated coordinates.) Draw up a graph, and realize that two intersections are guaranteed, on the so called "right branch" of $y=x^2-k$. As we increase the value of $k$, two more intersections appear on the "left branch": $k=4$ does not work because the "leftmost" point of $x=2(y-20)^2-4$ is $(-4,20)$ which lies to the right of $\left(-\sqrt{24}, 20\right)$, which is on the graph $y=x^2-4$. While technically speaking this doesn't prove that there are no intersections (why?), drawing the graph should convince you that this is the case. Clearly, $k<4$ does not work. $k=5$ does work because the two graphs intersect at $(-5,20)$, and by drawing the graph, you realize this is not a tangent point and there is in fact another intersection nearby, due to slope. Therefore, the answer is $5+280=\boxed{285}$.;285
Find the arithmetic mean of all the three-digit palindromes. (Recall that a palindrome is a number that reads the same forward and backward, such as $777$ or $383$.);Recall that the arithmetic mean of all the $n$ digit palindromes is just the average of the largest and smallest $n$ digit palindromes, and in this case the $2$ palindromes are $101$ and $999$ and $\frac{101+999}{2}=\boxed{550},$ which is the final answer.;550
Find the number of permutations $x_1, x_2, x_3, x_4, x_5$ of numbers $1, 2, 3, 4, 5$ such that the sum of five products \[x_1x_2x_3 + x_2x_3x_4 + x_3x_4x_5 + x_4x_5x_1 + x_5x_1x_2\] is divisible by $3$.;Since $3$ is one of the numbers, a product with a $3$ in it is automatically divisible by $3,$ so WLOG $x_3=3,$ we will multiply by $5$ afterward since any of $x_1, x_2, \ldots, x_5$ would be $3,$ after some cancelation we see that now all we need to find is the number of ways that $x_5x_1(x_4+x_2)$ is divisible by $3,$ since $x_5x_1$ is never divisible by $3,$ now we just need to find the number of ways $x_4+x_2$ is divisible by $3.$ Note that $x_2$ and $x_4$ can be $(1, 2), (2, 1), (1, 5), (5, 1), (2, 4), (4, 2), (4, 5),$ or $(5, 4).$ We have $2$ ways to designate $x_1$ and $x_5$ for a total of $8 \cdot 2 = 16.$ So the desired answer is $16 \cdot 5=\boxed{080}.$;80
There are real numbers $a, b, c,$ and $d$ such that $-20$ is a root of $x^3 + ax + b$ and $-21$ is a root of $x^3 + cx^2 + d.$ These two polynomials share a complex root $m + \sqrt{n} \cdot i,$ where $m$ and $n$ are positive integers and $i = \sqrt{-1}.$ Find $m+n.$;By the Complex Conjugate Root Theorem, the imaginary roots for each of $x^3+ax+b$ and $x^3+cx^2+d$ are complex conjugates. Let $z=m+\sqrt{n}\cdot i$ and $\overline{z}=m-\sqrt{n}\cdot i.$ It follows that the roots of $x^3+ax+b$ are $-20,z,\overline{z},$ and the roots of $x^3+cx^2+d$ are $-21,z,\overline{z}.$ We know that \begin{align*} z+\overline{z}&=2m, & (1) \\ z\overline{z}&=m^2+n. & (2) \end{align*} Applying Vieta's Formulas to $x^3+ax+b,$ we have $-20+z+\overline{z}=0.$ Substituting $(1)$ into this equation, we get $m=10.$ Applying Vieta's Formulas to $x^3+cx^2+d,$ we have $-21z-21\overline{z}+z\overline{z}=0,$ or $-21(z+\overline{z})+z\overline{z}=0.$ Substituting $(1)$ and $(2)$ into this equation, we get $n=320.$ Finally, the answer is $m+n=\boxed{330}.$;330
For positive real numbers $s$, let $\tau(s)$ denote the set of all obtuse triangles that have area $s$ and two sides with lengths $4$ and $10$. The set of all $s$ for which $\tau(s)$ is nonempty, but all triangles in $\tau(s)$ are congruent, is an interval $[a,b)$. Find $a^2+b^2$.;We start by defining a triangle. The two small sides MUST add to a larger sum than the long side. We are given $4$ and $10$ as the sides, so we know that the $3$rd side is between $6$ and $14$, exclusive. We also have to consider the word OBTUSE triangles. That means that the two small sides squared is less than the $3$rd side. So the triangles' sides are between $6$ and $\sqrt{84}$ exclusive, and the larger bound is between $\sqrt{116}$ and $14$, exclusive. The area of these triangles are from $0$ (straight line) to $2\sqrt{84}$ on the first "small bound" and the larger bound is between $0$ and $20$. $0 < s < 2\sqrt{84}$ is our first equation, and $0 < s < 20$ is our $2$nd equation. Therefore, the area is between $\sqrt{336}$ and $\sqrt{400}$, so our final answer is $\boxed{736}$.;736
For any finite set $S$, let $|S|$ denote the number of elements in $S$. Find the number of ordered pairs $(A,B)$ such that $A$ and $B$ are (not necessarily distinct) subsets of $\{1,2,3,4,5\}$ that satisfy \[|A| \cdot |B| = |A \cap B| \cdot |A \cup B|\];By PIE, $|A|+|B|-|A \cap B| = |A \cup B|$. Substituting into the equation and factoring, we get that $(|A| - |A \cap B|)(|B| - |A \cap B|) = 0$, so therefore $A \subseteq B$ or $B \subseteq A$. WLOG $A\subseteq B$, then for each element there are $3$ possibilities, either it is in both $A$ and $B$, it is in $B$ but not $A$, or it is in neither $A$ nor $B$. This gives us $3^{5}$ possibilities, and we multiply by $2$ since it could have also been the other way around. Now we need to subtract the overlaps where $A=B$, and this case has $2^{5}=32$ ways that could happen. It is $32$ because each number could be in the subset or it could not be in the subset. So the final answer is $2\cdot 3^5 - 2^5 = \boxed{454}$.;454
Let $a, b, c,$ and $d$ be real numbers that satisfy the system of equations \begin{align*} a + b &= -3, \\ ab + bc + ca &= -4, \\ abc + bcd + cda + dab &= 14, \\ abcd &= 30. \end{align*} There exist relatively prime positive integers $m$ and $n$ such that \[a^2 + b^2 + c^2 + d^2 = \frac{m}{n}.\]Find $m + n$.;From the fourth equation we get $d=\frac{30}{abc}.$ Substitute this into the third equation and you get $abc + \frac{30(ab + bc + ca)}{abc} = abc - \frac{120}{abc} = 14$. Hence $(abc)^2 - 14(abc)-120 = 0$. Solving, we get $abc = -6$ or $abc = 20$. From the first and second equation, we get $ab + bc + ca = ab-3c = -4 \Longrightarrow ab = 3c-4$. If $abc=-6$, substituting we get $c(3c-4)=-6$. If you try solving this you see that this does not have real solutions in $c$, so $abc$ must be $20$. So $d=\frac{3}{2}$. Since $c(3c-4)=20$, $c=-2$ or $c=\frac{10}{3}$. If $c=\frac{10}{3}$, then the system $a+b=-3$ and $ab = 6$ does not give you real solutions. So $c=-2$. Since you already know $d=\frac{3}{2}$ and $c=-2$, so you can solve for $a$ and $b$ pretty easily and see that $a^{2}+b^{2}+c^{2}+d^{2}=\frac{141}{4}$. So the answer is $\boxed{145}$.;145
An ant makes a sequence of moves on a cube where a move consists of walking from one vertex to an adjacent vertex along an edge of the cube. Initially the ant is at a vertex of the bottom face of the cube and chooses one of the three adjacent vertices to move to as its first move. For all moves after the first move, the ant does not return to its previous vertex, but chooses to move to one of the other two adjacent vertices. All choices are selected at random so that each of the possible moves is equally likely. The probability that after exactly $8$ moves that ant is at a vertex of the top face on the cube is $\frac{m}{n}$, where $m$ and $n$ are relatively prime positive integers. Find $m + n.$;On each move, we can either stay on the level we previously were (stay on the bottom/top) or switch levels (go from top to bottom and vise versa). Since we start on the bottom, ending on the top means that we will have to switch an odd number of times, since we cannot switch twice in a row, over an eight-move period we can either make one or three switches. Furthermore, once we switch to a level we can choose one of two directions of traveling on that level: clockwise or counterclockwise (since we can't go back to our previous move, our first move on the level after switching determines our direction). Case 1: one switch. Our one switch can either happen at the start/end of our moves, or in the middle. There are $4 + 24 = 28$ ways to do this, outlined below. Subcase 1: switch happens at ends. If our first move is a switch, then there are two ways to determine the direction we travel along the top layer. Multiply by $2$ to count for symmetry (last move is a switch) so this case yields $2^2 = 4$ possibilities. Subcase 2: switch happens in the middle. There are six places for the switch to happen, the switch breaks the sequences of moves into two chains, with each having $2$ ways to choose their direction of travel. This case yields $6 \cdot 2^2 = 24$ possibilities. Case 2: three switches. Either two, one, or none of our switches occur at the start/end of our moves. There are $16 + 96 + 64 = 176$ ways to do this, outlined below. (Keep in mind we can't have two switches in a row.) Subcase 1: start and end with a switch. Since our third switch can't be in moves $2$ or $7$, there are four ways to place our switch, breaking our sequence into two chains. This case yields $4 \cdot 2^2 = 16$ possibilities. Subcase 2: one of our switches is at the start/end. WLOG our first move is a switch, moves $2$ and $8$ cannot be switches. We can choose $2$ from any of the remaining $5$ moves to be switches, but we have to subtract the $4$ illegal cases where the two switches are in a row (3-4, 4-5, 5-6, 6-7). These three switches break our sequence into three chains, accounting for symmetry this case yields $2\left(\binom{5}{2} - 4\right) \cdot 2^3 = 96$ possibilities. Subcase 3: all our switches are in the middle. We choose $3$ from any of the $6$ middle moves to be our switches, but have to subtract the cases where at least two of them are in a row. If at least two switches are in a row, there are five places for the group of $2$ and four places for the third switch, however this overcounts the case where all three are in a row, which has $4$ possibilities. These three switches break our sequence into four chains, so this case yields $\left(\binom{6}{3} - 5 \cdot 4 + 4\right) \cdot 2^4 = 64$ possibilities. Our probability is then $\frac{176 + 28}{3 \cdot 2^7} = \frac{17}{32}$, so the answer is $17+32=\boxed{049}$.;49
Find the number of ordered pairs $(m, n)$ such that $m$ and $n$ are positive integers in the set $\{1, 2, ..., 30\}$ and the greatest common divisor of $2^m + 1$ and $2^n - 1$ is not $1$.;By the Euclidean Algorithm, we have \[\gcd\left(2^m+1,2^m-1\right)=\gcd\left(2,2^m-1\right)=1.\] We are given that $\gcd\left(2^m+1,2^n-1\right)>1.$ Multiplying both sides by $\gcd\left(2^m-1,2^n-1\right)$ gives \begin{align*} \gcd\left(2^m+1,2^n-1\right)\cdot\gcd\left(2^m-1,2^n-1\right)&>\gcd\left(2^m-1,2^n-1\right) \\ \gcd\left(\left(2^m+1\right)\left(2^m-1\right),2^n-1\right)&>\gcd\left(2^m-1,2^n-1\right) \hspace{12mm} &&\text{by }\textbf{Claim 1} \\ \gcd\left(2^{2m}-1,2^n-1\right)&>\gcd\left(2^m-1,2^n-1\right) \\ 2^{\gcd(2m,n)}-1&>2^{\gcd(m,n)}-1 &&\text{by }\textbf{Claim 2} \\ \gcd(2m,n)&>\gcd(m,n), \end{align*} which implies that $n$ must have more factors of $2$ than $m$ does. We construct the following table for the first $30$ positive integers: \[\begin{array}{c|c|c} && \\ [-2.5ex] \boldsymbol{\#}\textbf{ of Factors of }\boldsymbol{2} & \textbf{Numbers} & \textbf{Count} \\ \hline && \\ [-2.25ex] 0 & 1,3,5,7,9,11,13,15,17,19,21,23,25,27,29 & 15 \\ && \\ [-2.25ex] 1 & 2,6,10,14,18,22,26,30 & 8 \\ && \\ [-2.25ex] 2 & 4,12,20,28 & 4 \\ && \\ [-2.25ex] 3 & 8,24 & 2 \\ && \\ [-2.25ex] 4 & 16 & 1 \\ \end{array}\] To count the ordered pairs $(m,n),$ we perform casework on the number of factors of $2$ that $m$ has: If $m$ has $0$ factors of $2,$ then $m$ has $15$ options and $n$ has $8+4+2+1=15$ options. So, this case has $15\cdot15=225$ ordered pairs. If $m$ has $1$ factor of $2,$ then $m$ has $8$ options and $n$ has $4+2+1=7$ options. So, this case has $8\cdot7=56$ ordered pairs. If $m$ has $2$ factors of $2,$ then $m$ has $4$ options and $n$ has $2+1=3$ options. So, this case has $4\cdot3=12$ ordered pairs. If $m$ has $3$ factors of $2,$ then $m$ has $2$ options and $n$ has $1$ option. So, this case has $2\cdot1=2$ ordered pairs. Together, the answer is $225+56+12+2=\boxed{295}.$;295
A teacher was leading a class of four perfectly logical students. The teacher chose a set $S$ of four integers and gave a different number in $S$ to each student. Then the teacher announced to the class that the numbers in $S$ were four consecutive two-digit positive integers, that some number in $S$ was divisible by $6$, and a different number in $S$ was divisible by $7$. The teacher then asked if any of the students could deduce what $S$ is, but in unison, all of the students replied no. However, upon hearing that all four students replied no, each student was able to determine the elements of $S$. Find the sum of all possible values of the greatest element of $S$.;We know right away that $42\not\in S$ and $84\not\in S$ as stated in Solution 1. To get a feel for the problem, let’s write out some possible values of $S$ based on the teacher’s remarks. The first multiple of 7 that is two-digit is 14. The closest multiple of six from 14 is 12, and therefore there are two possible sets of four consecutive integers containing 12 and 14, $\{11,12,13,14\}$ and $\{12,13,14,15\}$. Here we get our first crucial idea, that if the multiples of 6 and 7 differ by two, there will be 2 possible sets of $S$ without any student input. Similarly, if they differ by 3, there will be only 1 possible set, and if they differ by 1, 3 possible sets. Now we read the student input. Each student says they can’t figure out what $S$ is just based on the teacher’s information, which means each student has to have a number that would be in 2 or 3 of the possible sets (This is based off of the first line of student input). However, now that each student knows that all of them have numbers that fit into more than one possible set, this means that S cannot have two possible sets because otherwise, when shifting from one set to the other, one of the end numbers would not be in the shifted set, but we know each number has to fall in two or more possible sets. For example, take $\{11,12,13,14\}$ and $\{12,13,14,15\}$. The numbers at the end, 11 and 15, only fall in one set, but each number must fall in at least two sets. This means that there must be three possible sets of S, in which case the actual S would be the middle S. Take for example $\{33,34,35,36\}$, $\{34,35,36,37\}$, and $\{35,36,37,38\}$. 37 and 34 fall in two sets while 35 and 36 fall in all three sets, so the condition is met. Now, this means that the multiple of 6 and 7 must differ by 1. Since 42 means the difference is 0, when you add/subtract 6 and 7, you will obtain the desired difference of 1, and similarly adding/subtracting 6 or 7 from 84 will also obtain the difference of 1. Thus there are four possible sets of $S$, $\{34,35,36,37\}$, $\{47,48,49,50\}$, $\{76,77,78,79\}$ and $\{89,90,91,92.\}$. Therefore the sum of the greatest elements of the possible sets $S$ is $37+50+79+92=\boxed{258}$;258
Find the least positive integer $n$ for which $2^n + 5^n - n$ is a multiple of $1000$.;We have that $2^n + 5^n \equiv n\pmod{1000}$, or $2^n + 5^n \equiv n \pmod{8}$ and $2^n + 5^n \equiv n \pmod{125}$ by CRT. It is easy to check $n < 3$ don't work, so we have that $n \geq 3$. Then, $2^n \equiv 0 \pmod{8}$ and $5^n \equiv 0 \pmod{125}$, so we just have $5^n \equiv n \pmod{8}$ and $2^n \equiv n \pmod{125}$. Let us consider both of these congruences separately. First, we look at $5^n \equiv n \pmod{8}$. By Euler's Totient Theorem (ETT), we have $5^4 \equiv 1 \pmod{8}$, so $5^5 \equiv 5 \pmod{8}$. On the RHS of the congruence, the possible values of $n$ are all nonnegative integers less than $8$ and on the RHS the only possible values are $5$ and $1$. However, for $5^n$ to be $1 \pmod{8}$ we must have $n \equiv 0 \pmod{4}$, a contradiction. So, the only possible values of $n$ are when $n \equiv 5 \pmod{8} \implies n = 8k+5$. Now we look at $2^n \equiv n \pmod{125}$. Plugging in $n = 8k+5$, we get $2^{8k+5} \equiv 8k+5 \pmod{125} \implies 2^{8k} \cdot 32 \equiv 8k+5 \pmod{125}$. Note, for $2^n \equiv n\pmod{125}$ to be satisfied, we must have $2^n \equiv n \pmod{5}$ and $2^n \equiv n\pmod{25}$. Since $2^{8k} \equiv 1\pmod{5}$ as $8k \equiv 0\pmod{4}$, we have $2 \equiv -2k \pmod{5} \implies k = 5m-1$. Then, $n = 8(5m-1) + 5 = 40m-3$. Now, we get $2^{40m-3} \equiv 40m-3 \pmod{125}$. Using the fact that $2^n \equiv n\pmod{25}$, we get $2^{-3} \equiv 15m-3 \pmod{25}$. The inverse of $2$ modulo $25$ is obviously $13$, so $2^{-3} \equiv 13^3 \equiv 22 \pmod{25}$, so $15m \equiv 0 \pmod{25} \implies m = 5s$. Plugging in $m = 5s$, we get $n = 200s - 3$. Now, we are finally ready to plug $n$ into the congruence modulo $125$. Plugging in, we get $2^{200s-3} \equiv 200s - 3 \pmod{125}$. By ETT, we get $2^{100} \equiv 1 \pmod{125}$, so $2^{200s- 3} \equiv 2^{-3} \equiv 47 \pmod{125}$. Then, $200s \equiv 50 \pmod{125} \implies s \equiv 4 \pmod{5} \implies s = 5y+4$. Plugging this in, we get $n = 200(5y+4) - 3 = 1000y+797$, implying the smallest value of $n$ is simply $\boxed{797}$.;797
Let $f(n)$ and $g(n)$ be functions satisfying \[f(n) = \begin{cases}\sqrt{n} & \text{ if } \sqrt{n} \text{ is an integer}\\ 1 + f(n+1) & \text{ otherwise} \end{cases}\]and \[g(n) = \begin{cases}\sqrt{n} & \text{ if } \sqrt{n} \text{ is an integer}\\ 2 + g(n+2) & \text{ otherwise} \end{cases}\]for positive integers $n$. Find the least positive integer $n$ such that $\tfrac{f(n)}{g(n)} = \tfrac{4}{7}$.;Consider what happens when we try to calculate $f(n)$ where n is not a square. If $k^2<n<(k+1)^2$ for (positive) integer k, recursively calculating the value of the function gives us $f(n)=(k+1)^2-n+f((k+1)^2)=k^2+3k+2-n$. Note that this formula also returns the correct value when $n=(k+1)^2$, but not when $n=k^2$. Thus $f(n)=k^2+3k+2-n$ for $k^2<n \leq (k+1)^2$. If $2 \mid (k+1)^2-n$, $g(n)$ returns the same value as $f(n)$. This is because the recursion once again stops at $(k+1)^2$. We seek a case in which $f(n)<g(n)$, so obviously this is not what we want. We want $(k+1)^2,n$ to have a different parity, or $n, k$ have the same parity. When this is the case, $g(n)$ instead returns $(k+2)^2-n+g((k+2)^2)=k^2+5k+6-n$. Write $7f(n)=4g(n)$, which simplifies to $3k^2+k-10=3n$. Notice that we want the LHS expression to be divisible by 3, as a result, $k \equiv 1 \pmod{3}$. We also want n to be strictly greater than $k^2$, so $k-10>0, k>10$. The LHS expression is always even (since $3k^2+k-10$ factors to $k(3k+1)-10$, and one of $k$ and $3k+1$ will be even), so to ensure that $k$ and $n$ share the same parity, $k$ should be even. Then the least $k$ that satisfies these requirements is $k=16$, giving $n=258$. Indeed - if we check our answer, it works. Therefore, the answer is $\boxed{258}$.;258
Quadratic polynomials $P(x)$ and $Q(x)$ have leading coefficients $2$ and $-2,$ respectively. The graphs of both polynomials pass through the two points $(16,54)$ and $(20,53).$ Find $P(0) + Q(0).$;Let $R(x)=P(x)+Q(x).$ Since the $x^2$-terms of $P(x)$ and $Q(x)$ cancel, we conclude that $R(x)$ is a linear polynomial. Note that \begin{alignat*}{8} R(16) &= P(16)+Q(16) &&= 54+54 &&= 108, \\ R(20) &= P(20)+Q(20) &&= 53+53 &&= 106, \end{alignat*} so the slope of $R(x)$ is $\frac{106-108}{20-16}=-\frac12.$ It follows that the equation of $R(x)$ is \[R(x)=-\frac12x+c\] for some constant $c,$ and we wish to find $R(0)=c.$We substitute $x=20$ into this equation to get $106=-\frac12\cdot20+c,$ from which $c=\boxed{116}.$;116
Find the three-digit positive integer $\underline{a}\,\underline{b}\,\underline{c}$ whose representation in base nine is $\underline{b}\,\underline{c}\,\underline{a}_{\,\text{nine}},$ where $a,$ $b,$ and $c$ are (not necessarily distinct) digits.;We are given that \[100a + 10b + c = 81b + 9c + a,\] which rearranges to \[99a = 71b + 8c.\] Taking both sides modulo $71,$ we have \begin{align*} 28a &\equiv 8c \pmod{71} \\ 7a &\equiv 2c \pmod{71}. \end{align*} The only solution occurs at $(a,c)=(2,7),$ from which $b=2.$ Therefore, the requested three-digit positive integer is $\underline{a}\,\underline{b}\,\underline{c}=\boxed{227}.$;227
In isosceles trapezoid $ABCD$, parallel bases $\overline{AB}$ and $\overline{CD}$ have lengths $500$ and $650$, respectively, and $AD=BC=333$. The angle bisectors of $\angle{A}$ and $\angle{D}$ meet at $P$, and the angle bisectors of $\angle{B}$ and $\angle{C}$ meet at $Q$. Find $PQ$.;Angle bisectors can be thought of as the locus of all points equidistant from the lines whose angle they bisect. It can thus be seen that $P$ is equidistant from $AB, AD,$ and $CD$ and $Q$ is equidistant from $AB, BC,$ and $CD.$ If we let the feet of the altitudes from $P$ to $AB, AD,$ and $CD$ be called $E, F,$ and $G$ respectively, we can say that $PE = PF = PG.$ Analogously, we let the feet of the altitudes from $Q$ to $AB, BC,$ and $CD$ be $H, I,$ and $J$ respectively. Thus, $QH = QI = QJ.$ Because $ABCD$ is an isosceles trapezoid, we can say that all of the altitudes are equal to each other. By SA as well as SS congruence for right triangles, we find that triangles $AEP, AFP, BHQ,$ and $BIQ$ are congruent. Similarly, $DFP, DGP, CJQ,$ and $CIQ$ by the same reasoning. Additionally, $EH = GJ = PQ$ since $EHQP$ and $GJQP$ are congruent rectangles. If we then let $x = AE = AF = BH = BI,$ let $y = CI = CJ = DG = DF,$ and let $z = EH = GJ = PQ,$ we can create the following system of equations with the given side length information: \begin{align*} 2x + z &= 500, \\ 2y + z &= 650, \\ x + y &= 333. \end{align*} Adding the first two equations, subtracting by twice the second, and dividing by $2$ yields $z = PQ = \boxed{242}.$;242
Let $w = \dfrac{\sqrt{3} + i}{2}$ and $z = \dfrac{-1 + i\sqrt{3}}{2},$ where $i = \sqrt{-1}.$ Find the number of ordered pairs $(r,s)$ of positive integers not exceeding $100$ that satisfy the equation $i \cdot w^r = z^s.$;We rewrite $w$ and $z$ in polar form: \begin{align*} w &= e^{i\cdot\frac{\pi}{6}}, \\ z &= e^{i\cdot\frac{2\pi}{3}}. \end{align*} The equation $i \cdot w^r = z^s$ becomes \begin{align*} e^{i\cdot\frac{\pi}{2}} \cdot \left(e^{i\cdot\frac{\pi}{6}}\right)^r &= \left(e^{i\cdot\frac{2\pi}{3}}\right)^s \\ e^{i\left(\frac{\pi}{2}+\frac{\pi}{6}r\right)} &= e^{i\left(\frac{2\pi}{3}s\right)} \\ \frac{\pi}{2}+\frac{\pi}{6}r &= \frac{2\pi}{3}s+2\pi k \\ 3+r &= 4s+12k \\ 3+r &= 4(s+3k). \end{align*} for some integer $k.$ Since $4\leq 3+r\leq 103$ and $4\mid 3+r,$ we conclude that \begin{align*} 3+r &\in \{4,8,12,\ldots,100\}, \\ s+3k &\in \{1,2,3,\ldots,25\}. \end{align*} Note that the values for $s+3k$ and the values for $r$ have one-to-one correspondence. We apply casework to the values for $s+3k:$ $s+3k\equiv0\pmod{3}$ There are $8$ values for $s+3k,$ so there are $8$ values for $r.$ It follows that $s\equiv0\pmod{3},$ so there are $33$ values for $s.$ There are $8\cdot33=264$ ordered pairs $(r,s)$ in this case. $s+3k\equiv1\pmod{3}$ There are $9$ values for $s+3k,$ so there are $9$ values for $r.$ It follows that $s\equiv1\pmod{3},$ so there are $34$ values for $s.$ There are $9\cdot34=306$ ordered pairs $(r,s)$ in this case. $s+3k\equiv2\pmod{3}$ There are $8$ values for $s+3k,$ so there are $8$ values for $r.$ It follows that $s\equiv2\pmod{3},$ so there are $33$ values for $s.$ There are $8\cdot33=264$ ordered pairs $(r,s)$ in this case. Together, the answer is $264+306+264=\boxed{834}.$;834
A straight river that is $264$ meters wide flows from west to east at a rate of $14$ meters per minute. Melanie and Sherry sit on the south bank of the river with Melanie a distance of $D$ meters downstream from Sherry. Relative to the water, Melanie swims at $80$ meters per minute, and Sherry swims at $60$ meters per minute. At the same time, Melanie and Sherry begin swimming in straight lines to a point on the north bank of the river that is equidistant from their starting positions. The two women arrive at this point simultaneously. Find $D$.;Claim: Median $AM$ and altitude $AH$ are drawn in triangle $ABC$. $AB = c, AC = b < c, BC = a$ are known. Let's denote $MH = x$. Prove that \begin{align*}2ax = c^{2} - b^{2}\end{align*}. Proof: \[BH + CH = a,\] \begin{align*} BH^{2} - CH^{2} = c^{2} - b^{2}\implies BH - CH &= \frac{c^{2} - b^{2}} {a},\end{align*} \[BH = \frac{c^{2} - b^{2}}{2a} + \frac{a}{2},\] \begin{align*}MH = BH - BM &= \frac{c^{2} - b^{2}} {2a}.\end{align*}. Solution: In the coordinate system associated with water, the movement is described by the scheme in the form of a triangle, the side on which Melanie floats is $80t$, where t is the time of Melanie's movement, the side along which Sherry floats is $60t$. The meeting point floated away at a distance of $14t$ from the midpoint between the starting points of Melanie and Sherry. In the notation of the Claim, \begin{align*} c = 80t, b = 60t, x = 14t \implies a = \frac{(80t)^2-(60t)^2}{2 \cdot 14t}=\frac{20^2}{4}\cdot \frac{16-9}{7}t = 100t.\end{align*} Hence, \begin{align*} AH = \sqrt{BC^2-BH^2}= \sqrt{(80t)^2-(50t+14t)^2}=16t \cdot \sqrt{5^2-4^2}= 48t = 264 \implies t = 5.5.\end{align*} \[D = a = 100t = \boxed{550}\];550
Find the number of ordered pairs of integers $(a, b)$ such that the sequence\[3, 4, 5, a, b, 30, 40, 50\]is strictly increasing and no set of four (not necessarily consecutive) terms forms an arithmetic progression.;Since $3,4,5,a$ and $3,4,5,b$ cannot be an arithmetic progression, $a$ or $b$ can never be $6$. Since $b, 30, 40, 50$ and $a, 30, 40, 50$ cannot be an arithmetic progression, $a$ and $b$ can never be $20$. Since $a < b$, there are ${24 - 2 \choose 2} = 231$ ways to choose $a$ and $b$ with these two restrictions in mind. However, there are still specific invalid cases counted in these $231$ pairs $(a,b)$. Since \[3,5,a,b\] cannot form an arithmetic progression, $\underline{(a,b) \neq (7,9)}$. \[a,b,30,50\] cannot be an arithmetic progression, so $(a,b) \neq (-10,10)$, however, since this pair was not counted in our $231$, we do not need to subtract it off. \[3,a,b,30\] cannot form an arithmetic progression, so $\underline{(a,b) \neq (12,21)}$. \[4, a, b, 40\] cannot form an arithmetic progression, so $\underline{(a,b) \neq (16,28)}$. \[5, a,b, 50\] cannot form an arithmetic progression, $(a,b) \neq 20, 35$, however, since this pair was not counted in our $231$ (since we disallowed $a$ or $b$ to be $20$), we do not to subtract it off. Also, the sequences $(3,a,b,40)$, $(3,a,b,50)$, $(4,a,b,30)$, $(4,a,b,50)$, $(5,a,b,30)$ and $(5,a,b,40)$ will never be arithmetic, since that would require $a$ and $b$ to be non-integers. So, we need to subtract off $3$ progressions from the $231$ we counted, to get our final answer of $\boxed{228}$.;228
Let $a,b,c,d,e,f,g,h,i$ be distinct integers from $1$ to $9.$ The minimum possible positive value of \[\dfrac{a \cdot b \cdot c - d \cdot e \cdot f}{g \cdot h \cdot i}\] can be written as $\frac{m}{n},$ where $m$ and $n$ are relatively prime positive integers. Find $m+n.$;To minimize a positive fraction, we minimize its numerator and maximize its denominator. It is clear that $\frac{a \cdot b \cdot c - d \cdot e \cdot f}{g \cdot h \cdot i} \geq \frac{1}{7\cdot8\cdot9}.$ If we minimize the numerator, then $a \cdot b \cdot c - d \cdot e \cdot f = 1.$ Note that $a \cdot b \cdot c \cdot d \cdot e \cdot f = (a \cdot b \cdot c) \cdot (a \cdot b \cdot c - 1) \geq 6! = 720,$ so $a \cdot b \cdot c \geq 28.$ It follows that $a \cdot b \cdot c$ and $d \cdot e \cdot f$ are consecutive composites with prime factors no other than $2,3,5,$ and $7.$ The smallest values for $a \cdot b \cdot c$ and $d \cdot e \cdot f$ are $36$ and $35,$ respectively. So, we have $\{a,b,c\} = \{2,3,6\}, \{d,e,f\} = \{1,5,7\},$ and $\{g,h,i\} = \{4,8,9\},$ from which $\frac{a \cdot b \cdot c - d \cdot e \cdot f}{g \cdot h \cdot i} = \frac{1}{288}.$ If we do not minimize the numerator, then $a \cdot b \cdot c - d \cdot e \cdot f > 1.$ Note that $\frac{a \cdot b \cdot c - d \cdot e \cdot f}{g \cdot h \cdot i} \geq \frac{2}{7\cdot8\cdot9} > \frac{1}{288}.$ Together, we conclude that the minimum possible positive value of $\frac{a \cdot b \cdot c - d \cdot e \cdot f}{g \cdot h \cdot i}$ is $\frac{1}{288}.$ Therefore, the answer is $1+288=\boxed{289}.$;289
Equilateral triangle $\triangle ABC$ is inscribed in circle $\omega$ with radius $18.$ Circle $\omega_A$ is tangent to sides $\overline{AB}$ and $\overline{AC}$ and is internally tangent to $\omega.$ Circles $\omega_B$ and $\omega_C$ are defined analogously. Circles $\omega_A,$ $\omega_B,$ and $\omega_C$ meet in six points---two points for each pair of circles. The three intersection points closest to the vertices of $\triangle ABC$ are the vertices of a large equilateral triangle in the interior of $\triangle ABC,$ and the other three intersection points are the vertices of a smaller equilateral triangle in the interior of $\triangle ABC.$ The side length of the smaller equilateral triangle can be written as $\sqrt{a} - \sqrt{b},$ where $a$ and $b$ are positive integers. Find $a+b.$;Let $O$ be the center of $\omega$, $X$ be the intersection of $\omega_B,\omega_C$ further from $A$, and $O_A$ be the center of $\omega_A$. Define $Y, Z, O_B, O_C$ similarly. It is well-known that the $A$-mixtilinear inradius $R_A$ is $\tfrac{r}{\cos^2\left(\frac{\angle A}{2}\right)} = \tfrac{9}{\cos^2\left(30^{\circ}\right)} = 12$, so in particular this means that $OO_B = 18 - R_B = 6 = OO_C$. Since $\angle O_BOO_C = \angle BOC = 120^\circ$, it follows by Law of Cosines on $\triangle OO_BO_C$ that $O_BO_C = 6\sqrt{3}$. Then the Pythagorean theorem gives that the altitude of $O_BO_CX$ is $\sqrt{117}$, so $OY = OX = \text{dist}(X, YZ) - \text{dist}(O, YZ) = \sqrt{117} - 3$ and $YZ = \tfrac{O_BO_C\cdot OY}{OO_B} = \tfrac{6\sqrt{3}(\sqrt{117} - 3)}{6}=\sqrt{351} - \sqrt{27}$ so the answer is $351 + 27 = \boxed{378}$.;378
Ellina has twelve blocks, two each of red ($\textbf{R}$), blue ($\textbf{B}$), yellow ($\textbf{Y}$), green ($\textbf{G}$), orange ($\textbf{O}$), and purple ($\textbf{P}$). Call an arrangement of blocks $\textit{even}$ if there is an even number of blocks between each pair of blocks of the same color. For example, the arrangement \[\textbf{R B B Y G G Y R O P P O}\] is even. Ellina arranges her blocks in a row in random order. The probability that her arrangement is even is $\frac{m}{n},$ where $m$ and $n$ are relatively prime positive integers. Find $m+n.$;We can simply use constructive counting. First, let us place the red blocks, choose the first slot in $12$ ways, and the second in $6$ ways, because the number is cut in half due to the condition in the problem. This gives $12 \cdot 6$ ways to place the red blocks. Similarly, there are $10 \cdot 5$ ways to place the blue blocks, and so on, until there are $2 \cdot 1$ ways to place the purple blocks. Thus, the probability is \[\frac{12 \cdot 6 \cdot 10 \cdot 5 \cdot 8 \cdot 4 \cdot 6 \cdot 3 \cdot 4 \cdot 2 \cdot 2 \cdot 1}{12!}=\frac{16}{231},\] and the desired answer is $16+231=\boxed{247}$.;247
Three spheres with radii $11$, $13$, and $19$ are mutually externally tangent. A plane intersects the spheres in three congruent circles centered at $A$, $B$, and $C$, respectively, and the centers of the spheres all lie on the same side of this plane. Suppose that $AB^2 = 560$. Find $AC^2$.;Let the distance between the center of the sphere to the center of those circular intersections as $a,b,c$ separately. According to the problem, we have $a^2-11^2=b^2-13^2=c^2-19^2, (11+13)^2-(b-a)^2=560.$ After solving we have $b-a=4,$ plug this back to $11^2-a^2=13^2-b^2,$ we have $a=4, b=8,$ and $c=16.$ The desired value is $(11+19)^2-(16-4)^2=\boxed{756}.$;756
For any finite set $X$, let $| X |$ denote the number of elements in $X$. Define \[S_n = \sum | A \cap B | ,\] where the sum is taken over all ordered pairs $(A, B)$ such that $A$ and $B$ are subsets of $\left\{ 1 , 2 , 3, \cdots , n \right\}$ with $|A| = |B|$. For example, $S_2 = 4$ because the sum is taken over the pairs of subsets \[(A, B) \in \left\{ (\emptyset, \emptyset) , ( \{1\} , \{1\} ), ( \{1\} , \{2\} ) , ( \{2\} , \{1\} ) , ( \{2\} , \{2\} ) , ( \{1 , 2\} , \{1 , 2\} ) \right\} ,\] giving $S_2 = 0 + 1 + 0 + 0 + 1 + 2 = 4$. Let $\frac{S_{2022}}{S_{2021}} = \frac{p}{q}$, where $p$ and $q$ are relatively prime positive integers. Find the remainder when $p + q$ is divided by 1000.;Let's try out for small values of $n$ to get a feel for the problem. When $n=1, S_n$ is obviously $1$. The problem states that for $n=2, S_n$ is $4$. Let's try it out for $n=3$. Let's perform casework on the number of elements in $A, B$. $\textbf{Case 1:} |A| = |B| = 1$ In this case, the only possible equivalencies will be if they are the exact same element, which happens $3$ times. $\textbf{Case 2:} |A| = |B| = 2$ In this case, if they share both elements, which happens $3$ times, we will get $2$ for each time, and if they share only one element, which also happens $6$ times, we will get $1$ for each time, for a total of $12$ for this case. $\textbf{Case 3:} |A| = |B| = 3$ In this case, the only possible scenario is that they both are the set $\{1,2,3\}$, and we have $3$ for this case. In total, $S_3 = 18$. Now notice, the number of intersections by each element $1 \ldots 3$, or in general, $1 \ldots n$ is equal for each element because of symmetry - each element when $n=3$ adds $6$ to the answer. Notice that $6 = \binom{4}{2}$ - let's prove that $S_n = n \cdot \binom{2n-2}{n-1}$ (note that you can assume this and answer the problem if you're running short on time in the real test). Let's analyze the element $k$ - to find a general solution, we must count the number of these subsets that $k$ appears in. For $k$ to be in both $A$ and $B$, we need both sets to contain $k$ and another subset of $1$ through $n$ not including $k$. ($A = \{k\} \cup A'| A' \subset \{1,2,\ldots,n\} \land A' \not \subset \{k\}$ and $B = \{k\} \cup B'| B' \subset \{1,2,\ldots,n\} \land B' \not \subset \{k\}$) For any $0\leq l \leq n-1$ that is the size of both $A'$ and $B'$, the number of ways to choose the subsets $A'$ and $B'$ is $\binom{n-1}{l}$ for both subsets, so the total number of ways to choose the subsets are $\binom{n-1}{l}^2$. Now we sum this over all possible $l$'s to find the total number of ways to form sets $A$ and $B$ that contain $k$. This is equal to $\sum_{l=0}^{n-1} \binom{n-1}{l}^2$. This is a simplification of Vandermonde's identity, which states that $\sum_{k=0}^{r} \binom{m}{k} \cdot \binom{n}{r-k} = \binom{m+n}{r}$. Here, $m$, $n$ and $r$ are all $n-1$, so this sum is equal to $\binom{2n-2}{n-1}$. Finally, since we are iterating over all $k$'s for $n$ values of $k$, we have $S_n = n \cdot \binom{2n-2}{n-1}$, proving our claim. We now plug in $S_n$ to the expression we want to find. This turns out to be $\frac{2022 \cdot \binom{4042}{2021}}{2021 \cdot \binom{4040}{2020}}$. Expanding produces $\frac{2022 \cdot 4042!\cdot 2020! \cdot 2020!}{2021 \cdot 4040! \cdot 2021! \cdot 2021!}$. After cancellation, we have \[\frac{2022 \cdot 4042 \cdot 4041}{2021 \cdot 2021 \cdot 2021} \implies \frac{4044\cdot 4041}{2021 \cdot 2021}\] $4044$ and $4041$ don't have any common factors with $2021$, so we're done with the simplification. We want to find $4044 \cdot 4041 + 2021^2 \pmod{1000} \equiv 44 \cdot 41 + 21^2 \pmod{1000} \equiv 1804+441 \pmod{1000} \equiv 2245 \pmod{1000} \equiv \boxed{245}$;245
Let $S$ be the set of all rational numbers that can be expressed as a repeating decimal in the form $0.\overline{abcd},$ where at least one of the digits $a,$ $b,$ $c,$ or $d$ is nonzero. Let $N$ be the number of distinct numerators obtained when numbers in $S$ are written as fractions in lowest terms. For example, both $4$ and $410$ are counted among the distinct numerators for numbers in $S$ because $0.\overline{3636} = \frac{4}{11}$ and $0.\overline{1230} = \frac{410}{3333}.$ Find the remainder when $N$ is divided by $1000.$;$0.\overline{abcd}=\frac{abcd}{9999} = \frac{x}{y}$, $9999=9\times 11\times 101$. Then we need to find the number of positive integers $x$ that (with one of more $y$ such that $y|9999$) can meet the requirement $1 \leq {x}\cdot\frac{9999}{y} \leq 9999$. Make cases by factors of $x$. (A venn diagram of cases would be nice here.) Case $A$: $3 \nmid x$ and $11 \nmid x$ and $101 \nmid x$, aka $\gcd (9999, x)=1$. Euler's totient function counts these: \[\varphi \left(3^2 \cdot 11 \cdot 101 \right) = ((3-1)\cdot 3)(11-1)(101-1)= \bf{6000}\] values (but it's enough to note that it's a multiple of 1000 and thus does not contribute to the final answer) Note: You don't need to know this formula. The remaining cases essentially re-derive the same computation for other factors of $9999$. This case isn't actually different. The remaining cases have $3$ (or $9$), $11$, and/or $101$ as factors of $abcd$, which cancel out part of $9999$. Note: Take care about when to use $3$ vs $9$. Case $B$: $3|x$, but $11 \nmid x$ and $101 \nmid x$. Then $abcd=9x$ to leave 3 uncancelled, and $x=3p$, so $x \leq \frac{9999}{9} = 1111$, giving: $x \in 3 \cdot \{1, \dots \left\lfloor \frac{1111}{3}\right\rfloor\}$, $x \notin (3\cdot 11) \cdot \{1 \dots \left\lfloor \frac{1111}{3\cdot 11}\right\rfloor\}$, $x \notin (3 \cdot 101) \cdot \{1 \dots \left\lfloor \frac{1111}{3 \cdot 101}\right\rfloor\}$, for a subtotal of $\left\lfloor \frac{1111}{3}\right\rfloor - (\left\lfloor\frac{1111}{3 \cdot 11}\right\rfloor + \left\lfloor\frac{1111}{3 \cdot 101}\right\rfloor ) = 370 - (33+3) = \bf{334}$ values. Case $C$: $11|x$, but $3 \nmid x$ and $101 \nmid x$. Much like previous case, $abcd$ is $11x$, so $x \leq \frac{9999}{11} = 909$, giving $\left\lfloor \frac{909}{11}\right\rfloor - \left(\left\lfloor\frac{909}{11 \cdot 3}\right\rfloor + \left\lfloor\frac{909}{11 \cdot 101}\right\rfloor \right) = 82 - (27 + 0) = \bf{55}$ values. Case $D$: $3|x$ and $11|x$ (so $33|x$), but $101 \nmid x$. Here, $abcd$ is $99x$, so $x \leq \frac{9999}{99} = 101$, giving $\left\lfloor \frac{101}{33}\right\rfloor - \left\lfloor \frac{101}{33 \cdot 101}\right\rfloor = 3-0 = \bf{3}$ values. Case $E$: $101|x$. Here, $abcd$ is $101x$, so $x \leq \frac{9999}{101} = 99$, giving $\left\lfloor \frac{99}{101}\right\rfloor = \bf{0}$ values, so we don't need to account for multiples of $3$ and $11$. To sum up, the answer is \[6000+334+55+3+0\equiv\boxed{392} \pmod{1000}.\];392
Given $\triangle ABC$ and a point $P$ on one of its sides, call line $\ell$ the $\textit{splitting line}$ of $\triangle ABC$ through $P$ if $\ell$ passes through $P$ and divides $\triangle ABC$ into two polygons of equal perimeter. Let $\triangle ABC$ be a triangle where $BC = 219$ and $AB$ and $AC$ are positive integers. Let $M$ and $N$ be the midpoints of $\overline{AB}$ and $\overline{AC},$ respectively, and suppose that the splitting lines of $\triangle ABC$ through $M$ and $N$ intersect at $30^\circ.$ Find the perimeter of $\triangle ABC.$;The Geometry Part - Solution 1: Consider the splitting line through $M$. Extend $D$ on ray $BC$ such that $CD=CA$. Then the splitting line bisects segment $BD$, so in particular it is the midline of triangle $ABD$ and thus it is parallel to $AD$. But since triangle $ACD$ is isosceles, we can easily see $AD$ is parallel to the angle bisector of $C$, so the splitting line is also parallel to this bisector, and similar for the splitting line through $N$. Some simple angle chasing reveals the condition is now equivalent to $\angle A=120^\circ$. The NT Part: We now need to solve $a^2+ab+b^2 = 3^2\cdot 73^2$. A quick $(\bmod 9)$ check gives that $3\mid a$ and $3\mid b$. Thus, it's equivalent to solve $x^2+xy+y^2 = 73^2$. Let $\omega$ be one root of $\omega^2+\omega+1=0$. Then, recall that $\mathbb Z[\omega]$ is the ring of integers of $\mathbb Q[\sqrt{-3}]$ and is a unique factorization domain. Notice that $N(x-y\omega) = (x-y\omega)(x-y\omega^2) = x^2+xy+y^2$. Therefore, it suffices to find an element of $\mathbb Z[\omega]$ with the norm $73^2$. To do so, we factor $73$ in $\mathbb Z[\omega]$. Since it's $1\pmod 3$, it must split. A quick inspection gives $73 = (8-\omega)(8-\omega^2)$. Thus, $N(8-\omega) = 73$, so \begin{align*} 73^2 &= N((8-\omega)^2) \\ &= N(64 - 16\omega + \omega^2) \\ &= N(64 - 16\omega + (-1-\omega)) \\ &= N(63 - 17\omega), \end{align*} giving the solution $x=63$ and $y=17$, yielding $a=189$ and $b=51$, so the sum is $\boxed{459}$. Since $8-\omega$ and $8-\omega^2$ are primes in $\mathbb Z[\omega]$, the solution must divide $73^2$. One can then easily check that this is the unique solution.;459
Let $x,$ $y,$ and $z$ be positive real numbers satisfying the system of equations: \begin{align*} \sqrt{2x-xy} + \sqrt{2y-xy} &= 1 \\ \sqrt{2y-yz} + \sqrt{2z-yz} &= \sqrt2 \\ \sqrt{2z-zx} + \sqrt{2x-zx} &= \sqrt3. \end{align*} Then $\left[ (1-x)(1-y)(1-z) \right]^2$ can be written as $\frac{m}{n},$ where $m$ and $n$ are relatively prime positive integers. Find $m+n.$;Let $1-x=a,1-y=b,1-z=c$, rewrite those equations $\sqrt{(1-a)(1+b)}+\sqrt{(1+a)(1-b)}=1$, $\sqrt{(1-b)(1+c)}+\sqrt{(1+b)(1-c)}=\sqrt{2}$ $\sqrt{(1-a)(1+c)}+\sqrt{(1-c)(1+a)}=\sqrt{3}$ and solve for $m/n = (abc)^2 = a^2b^2c^2$ Square both sides and simplify, to get three equations: $2ab-1=2\sqrt{(1-a^2)(1-b^2)}$ $2bc~ ~ ~ ~ ~ ~=2\sqrt{(1-b^2)(1-c^2)}$ $2ac+1=2\sqrt{(1-c^2)(1-a^2)}$ Square both sides again, and simplify to get three equations: $a^2+b^2-ab=\frac{3}{4}$ $b^2+c^2~ ~ ~ ~ ~ ~=1$ $a^2+c^2+ac=\frac{3}{4}$ Subtract first and third equation, getting $(b+c)(b-c)=a(b+c)$, $a=b-c$ Put it in first equation, getting $b^2-2bc+c^2+b^2-b(b-c)=b^2+c^2-bc=\frac{3}{4}$, $bc=\frac{1}{4}$ Since $a^2=b^2+c^2-2bc=\frac{1}{2}$, $m/n = a^2b^2c^2 = a^2(bc)^2 = \frac{1}{2}\left(\frac{1}{4}\right)^2=\frac{1}{32}$ and so the final answer is $\boxed{033}$;33
Adults made up $\frac5{12}$ of the crowd of people at a concert. After a bus carrying $50$ more people arrived, adults made up $\frac{11}{25}$ of the people at the concert. Find the minimum number of adults who could have been at the concert after the bus arrived.;Let $x$ be the number of people at the party before the bus arrives. We know that $x\equiv 0\pmod {12}$, as $\frac{5}{12}$ of people at the party before the bus arrives are adults. Similarly, we know that $x + 50 \equiv 0 \pmod{25}$, as $\frac{11}{25}$ of the people at the party are adults after the bus arrives. $x + 50 \equiv 0 \pmod{25}$ can be reduced to $x \equiv 0 \pmod{25}$, and since we are looking for the minimum amount of people, $x$ is $300$. That means there are $350$ people at the party after the bus arrives, and thus there are $350 \cdot \frac{11}{25} = \boxed{154}$ adults at the party.;154
Azar, Carl, Jon, and Sergey are the four players left in a singles tennis tournament. They are randomly assigned opponents in the semifinal matches, and the winners of those matches play each other in the final match to determine the winner of the tournament. When Azar plays Carl, Azar will win the match with probability $\frac23$. When either Azar or Carl plays either Jon or Sergey, Azar or Carl will win the match with probability $\frac34$. Assume that outcomes of different matches are independent. The probability that Carl will win the tournament is $\frac{p}{q}$, where $p$ and $q$ are relatively prime positive integers. Find $p+q$.;Let $A$ be Azar, $C$ be Carl, $J$ be Jon, and $S$ be Sergey. The $4$ circles represent the $4$ players, and the arrow is from the winner to the loser with the winning probability as the label. This problem can be solved by using $2$ cases. $\textbf{Case 1:}$ $C$'s opponent for the semifinal is $A$ The probability $C$'s opponent is $A$ is $\frac13$. Therefore the probability $C$ wins the semifinal in this case is $\frac13 \cdot \frac13$. The other semifinal game is played between $J$ and $S$, it doesn't matter who wins because $C$ has the same probability of winning either one. The probability of $C$ winning in the final is $\frac34$, so the probability of $C$ winning the tournament in case 1 is $\frac13 \cdot \frac13 \cdot \frac34$ $\textbf{Case 2:}$ $C$'s opponent for the semifinal is $J$ or $S$ It doesn't matter if $C$'s opponent is $J$ or $S$ because $C$ has the same probability of winning either one. The probability $C$'s opponent is $J$ or $S$ is $\frac23$. Therefore the probability $C$ wins the semifinal in this case is $\frac23 \cdot \frac34$. The other semifinal game is played between $A$ and $J$ or $S$. In this case it matters who wins in the other semifinal game because the probability of $C$ winning $A$ and $J$ or $S$ is different. $\textbf{Case 2.1:}$ $C$'s opponent for the final is $A$ For this to happen, $A$ must have won $J$ or $S$ in the semifinal, the probability is $\frac34$. Therefore, the probability that $C$ won $A$ in the final is $\frac34 \cdot \frac13$. $\textbf{Case 2.2:}$ $C$'s opponent for the final is $J$ or $S$ For this to happen, $J$ or $S$ must have won $A$ in the semifinal, the probability is $\frac14$. Therefore, the probability that $C$ won $J$ or $S$ in the final is $\frac14 \cdot \frac34$. In Case 2 the probability of $C$ winning the tournament is $\frac23 \cdot \frac34 \cdot (\frac34 \cdot \frac13 + \frac14 \cdot \frac34)$ Adding case 1 and case 2 together we get $\frac13 \cdot \frac13 \cdot \frac34 + \frac23 \cdot \frac34 \cdot (\frac34 \cdot \frac13 + \frac14 \cdot \frac34) = \frac{29}{96},$ so the answer is $29 + 96 = \boxed{\textbf{125}}$.;125
A right square pyramid with volume $54$ has a base with side length $6.$ The five vertices of the pyramid all lie on a sphere with radius $\frac mn$, where $m$ and $n$ are relatively prime positive integers. Find $m+n$.;To start, we find the height of the pyramid. By the volume of a pyramid formula, we have \[\frac13 \cdot 6^2 \cdot h=54 \implies h=\frac92.\] Next, let us find the length of the non-base sides of the pyramid. By the Pythagorean Theorem, noting that the distance from one vertex of the base to the center of the base is $\frac12 \cdot 6\sqrt2=3\sqrt2$, we have \[x=\sqrt{\left(\frac92\right)^2+(3\sqrt2)^2}=\sqrt{\frac{153}4}=\frac{3\sqrt{17}}2.\] Taking the cross section of the pyramid and transforming the problem into $2$-d, it suffices to find the radius of the circumcircle of a triangle of side lengths $\frac{3\sqrt{17}}2$, $\frac{3\sqrt{17}}2$, $6\sqrt2$. This turns out to be easy by the formula $R=\frac{abc}{4A}$, and through computing this value (the work has been left out) we find that $R=\frac{17}4$, so our answer is $\boxed{\textbf{021}}$.;21
There is a positive real number $x$ not equal to either $\tfrac{1}{20}$ or $\tfrac{1}{2}$ such that\[\log_{20x} (22x)=\log_{2x} (202x).\]The value $\log_{20x} (22x)$ can be written as $\log_{10} (\tfrac{m}{n})$, where $m$ and $n$ are relatively prime positive integers. Find $m+n$.;Define $a$ to be $\log_{20x} (22x) = \log_{2x} (202x)$, what we are looking for. Then, by the definition of the logarithm, \[\begin{cases} (20x)^{a} &= 22x \\ (2x)^{a} &= 202x. \end{cases}\] Dividing the first equation by the second equation gives us $10^a = \frac{11}{101}$, so by the definition of logs, $a = \log_{10} \frac{11}{101}$. This is what the problem asked for, so the fraction $\frac{11}{101}$ gives us $m+n = \boxed{112}$.;112
Twenty distinct points are marked on a circle and labeled $1$ through $20$ in clockwise order. A line segment is drawn between every pair of points whose labels differ by a prime number. Find the number of triangles formed whose vertices are among the original $20$ points.;Let $a$, $b$, and $c$ be the vertex of a triangle that satisfies this problem, where $a > b > c$. \[a - b = p_1\] \[b - c = p_2\] \[a - c = p_3\] $p_3 = a - c = a - b + b - c = p_1 + p_2$. Because $p_3$ is the sum of two primes, $p_1$ and $p_2$, $p_1$ or $p_2$ must be $2$. Let $p_1 = 2$, then $p_3 = p_2 + 2$. There are only $8$ primes less than $20$: $2, 3, 5, 7, 11, 13, 17, 19$. Only $3, 5, 11, 17$ plus $2$ equals another prime. $p_2 \in \{ 3, 5, 11, 17 \}$. Once $a$ is determined, $a = b+2$ and $b = c + p_2$. There are $18$ values of $a$ where $b+2 \le 20$, and $4$ values of $p_2$. Therefore the answer is $18 \cdot 4 = \boxed{\textbf{072}}$;72
Let $x_1\leq x_2\leq \cdots\leq x_{100}$ be real numbers such that $|x_1| + |x_2| + \cdots + |x_{100}| = 1$ and $x_1 + x_2 + \cdots + x_{100} = 0$. Among all such $100$-tuples of numbers, the greatest value that $x_{76} - x_{16}$ can achieve is $\tfrac mn$, where $m$ and $n$ are relatively prime positive integers. Find $m+n$.;To find the greatest value of $x_{76} - x_{16}$, $x_{76}$ must be as large as possible, and $x_{16}$ must be as small as possible. If $x_{76}$ is as large as possible, $x_{76} = x_{77} = x_{78} = \dots = x_{100} > 0$. If $x_{16}$ is as small as possible, $x_{16} = x_{15} = x_{14} = \dots = x_{1} < 0$. The other numbers between $x_{16}$ and $x_{76}$ equal to $0$. Let $a = x_{76}$, $b = x_{16}$. Substituting $a$ and $b$ into $|x_1| + |x_2| + \cdots + |x_{100}| = 1$ and $x_1 + x_2 + \cdots + x_{100} = 0$ we get: \[25a - 16b = 1\] \[25a + 16b = 0\] $a = \frac{1}{50}$, $b = -\frac{1}{32}$ $x_{76} - x_{16} = a - b = \frac{1}{50} + \frac{1}{32} = \frac{41}{800}$. $m+n = \boxed{\textbf{841}}$;841
A circle with radius $6$ is externally tangent to a circle with radius $24$. Find the area of the triangular region bounded by the three common tangent lines of these two circles.;Let the center of the circle with radius $6$ be labeled $A$ and the center of the circle with radius $24$ be labeled $B$. Drop perpendiculars on the same side of line $AB$ from $A$ and $B$ to each of the tangents at points $C$ and $D$, respectively. Then, let line $AB$ intersect the two diagonal tangents at point $P$. Since $\triangle{APC} \sim \triangle{BPD}$, we have \[\frac{AP}{AP+30}=\frac14 \implies AP=10.\] Next, throw everything on a coordinate plane with $A=(0, 0)$ and $B = (30, 0)$. Then, $P = (-10, 0)$, and if $C = (x, y)$, we have \[(x+10)^2+y^2=64,\] \[x^2+y^2=36.\] Combining these and solving, we get $(x, y)=\left(-\frac{18}5, \frac{24}5\right)$. Notice now that $P$, $C$, and the intersections of the lines $x=6$ (the vertical tangent) with the tangent containing these points are collinear, and thus every slope between a pair of points will have the same slope, which in this case is $\frac{-\frac{18}5+10}{\frac{24}5}=\frac34$. Thus, the other two vertices of the desired triangle are $(6, 12)$ and $(6, -12)$. By the Shoelace Formula, the area of a triangle with coordinates $(-10, 0)$, $(6, 12)$, and $(6, -12)$ is \[\frac12|-120-0-72-72+0-120|=\boxed{\textbf{192}}.\];192
Find the number of positive integers $n \le 600$ whose value can be uniquely determined when the values of $\left\lfloor \frac n4\right\rfloor$, $\left\lfloor\frac n5\right\rfloor$, and $\left\lfloor\frac n6\right\rfloor$ are given, where $\lfloor x \rfloor$ denotes the greatest integer less than or equal to the real number $x$.;We need to find all numbers between $1$ and $600$ inclusive that are multiples of $4$, $5$, and/or $6$ which are also multiples of $4$, $5$, and/or $6$ when $1$ is added to them. We begin by noting that the LCM of $4$, $5$, and $6$ is $60$. We can therefore simplify the problem by finding all such numbers described above between $1$ and $60$ and multiplying the quantity of such numbers by $10$ ($600$/$60$ = $10$). After making a simple list of the numbers between $1$ and $60$ and going through it, we see that the numbers meeting this condition are $4$, $5$, $15$, $24$, $35$, $44$, $54$, and $55$. This gives us $8$ numbers. $8$ * $10$ = $\boxed{080}$.;80
Find the remainder when\[\binom{\binom{3}{2}}{2} + \binom{\binom{4}{2}}{2} + \dots + \binom{\binom{40}{2}}{2}\]is divided by $1000$.;We first write the expression as a summation. \begin{align*} \sum_{i=3}^{40} \binom{\binom{i}{2}}{2} & = \sum_{i=3}^{40} \binom{\frac{i \left( i - 1 \right)}{2}}{2} \\ & = \sum_{i=3}^{40} \frac{\frac{i \left( i - 1 \right)}{2} \left( \frac{i \left( i - 1 \right)}{2}- 1 \right)}{2} \\ & = \frac{1}{8} \sum_{i=3}^{40} i \left( i - 1 \right) \left( i \left( i - 1 \right) - 2 \right) \\ & = \frac{1}{8} \sum_{i=3}^{40} i(i - 1)(i^2-i-2) \\ & = \frac{1}{8} \sum_{i=3}^{40} i(i-1)(i+1)(i-2) \\ & = \frac{1}{8}\sum_{i=3}^{40} (i-2)(i-1)i(i+1) \\ & = \frac{1}{40}\sum_{i=3}^{40}[(i-2)(i-1)i(i+1)(i+2)-(i-3)(i-2)(i-1)i(i+1)]* \\ & = \frac{38\cdot39\cdot40\cdot41\cdot42-0}{40}\\ & = 38 \cdot 39 \cdot 41 \cdot 42 \\ & = \left( 40 - 2 \right) \left( 40 - 1 \right) \left( 40 + 1 \right) \left( 40 + 2 \right) \\ & = \left( 40^2 - 2^2 \right) \left( 40^2 - 1^2 \right) \\ & = \left( 40^2 - 4 \right) \left( 40^2 - 1 \right) \\ & = 40^4 - 40^2 \cdot 5 + 4 \\ & \equiv \boxed{004}\pmod{1000}\ \end{align*} $*(i-2)(i-1)i(i+1)=\frac{1}{5}[(i-2)(i-1)i(i+1)(i+2)-(i-3)(i-2)(i-1)i(i+1)]$ is how we force the expression to telescope.;4
Let $ABCD$ be a convex quadrilateral with $AB=2, AD=7,$ and $CD=3$ such that the bisectors of acute angles $\angle{DAB}$ and $\angle{ADC}$ intersect at the midpoint of $\overline{BC}.$ Find the square of the area of $ABCD.$;Denote by $M$ the midpoint of segment $BC$. Let points $P$ and $Q$ be on segment $AD$, such that $AP = AB$ and $DQ = DC$. Denote $\angle DAM = \alpha$, $\angle BAD = \beta$, $\angle BMA = \theta$, $\angle CMD = \phi$. Denote $BM = x$. Because $M$ is the midpoint of $BC$, $CM = x$. Because $AM$ is the angle bisector of $\angle BAD$ and $AB = AP$, $\triangle BAM \cong \triangle PAM$. Hence, $MP = MB$ and $\angle AMP = \theta$. Hence, $\angle MPD = \angle MAP + \angle PMA = \alpha + \theta$. Because $DM$ is the angle bisector of $\angle CDA$ and $DC = DQ$, $\triangle CDM \cong \triangle QDM$. Hence, $MQ = MC$ and $\angle DMQ = \phi$. Hence, $\angle MQA = \angle MDQ + \angle QMD = \beta + \phi$. Because $M$ is the midpoint of segment $BC$, $MB = MC$. Because $MP = MB$ and $MQ = MC$, $MP = MQ$. Thus, $\angle MPD = \angle MQA$. Thus, \[ \alpha + \theta = \beta + \phi . \hspace{1cm} (1) \] In $\triangle AMD$, $\angle AMD = 180^\circ - \angle MAD - \angle MDA = 180^\circ - \alpha - \beta$. In addition, $\angle AMD = 180^\circ - \angle BMA - \angle CMD = 180^\circ - \theta - \phi$. Thus, \[ \alpha + \beta = \theta + \phi . \hspace{1cm} (2) \] Taking $(1) + (2)$, we get $\alpha = \phi$. Taking $(1) - (2)$, we get $\beta = \theta$. Therefore, $\triangle ADM \sim \triangle AMB \sim \triangle MDC$. Hence, $\frac{AD}{AM} = \frac{AM}{AB}$ and $\frac{AD}{DM} = \frac{DM}{CD}$. Thus, $AM = \sqrt{AD \cdot AD} = \sqrt{14}$ and $DM = \sqrt{AD \cdot CD} = \sqrt{21}$. In $\triangle ADM$, by applying the law of cosines, $\cos \angle AMD = \frac{AM^2 + DM^2 - AD^2}{2 AM \cdot DM} = - \frac{1}{\sqrt{6}}$. Hence, $\sin \angle AMD = \sqrt{1 - \cos^2 \angle AMD} = \frac{\sqrt{5}}{\sqrt{6}}$. Hence, ${\rm Area} \ \triangle ADM = \frac{1}{2} AM \cdot DM \dot \sin \angle AMD = \frac{7 \sqrt{5}}{2}$. Therefore, \begin{align*} {\rm Area} \ ABCD & = {\rm Area} \ \triangle AMD + {\rm Area} \ \triangle ABM + {\rm Area} \ \triangle MCD \\ & = {\rm Area} \ \triangle AMD \left( 1 + \left( \frac{AM}{AD} \right)^2 + \left( \frac{MD}{AD} \right)^2 \right) \\ & = 6 \sqrt{5} . \end{align*} Therefore, the square of ${\rm Area} \ ABCD$ is $\left( 6 \sqrt{5} \right)^2 = \boxed{\textbf{(180) }}$.;180
Let $a, b, x,$ and $y$ be real numbers with $a>4$ and $b>1$ such that\[\frac{x^2}{a^2}+\frac{y^2}{a^2-16}=\frac{(x-20)^2}{b^2-1}+\frac{(y-11)^2}{b^2}=1.\]Find the least possible value of $a+b.$;Denote $P = \left( x , y \right)$. Because $\frac{x^2}{a^2}+\frac{y^2}{a^2-16} = 1$, $P$ is on an ellipse whose center is $\left( 0 , 0 \right)$ and foci are $\left( - 4 , 0 \right)$ and $\left( 4 , 0 \right)$. Hence, the sum of distance from $P$ to $\left( - 4 , 0 \right)$ and $\left( 4 , 0 \right)$ is equal to twice the major axis of this ellipse, $2a$. Because $\frac{(x-20)^2}{b^2-1}+\frac{(y-11)^2}{b^2} = 1$, $P$ is on an ellipse whose center is $\left( 20 , 11 \right)$ and foci are $\left( 20 , 10 \right)$ and $\left( 20 , 12 \right)$. Hence, the sum of distance from $P$ to $\left( 20 , 10 \right)$ and $\left( 20 , 12 \right)$ is equal to twice the major axis of this ellipse, $2b$. Therefore, $2a + 2b$ is the sum of the distance from $P$ to four foci of these two ellipses. To make this minimized, $P$ is the intersection point of the line that passes through $\left( - 4 , 0 \right)$ and $\left( 20 , 10 \right)$, and the line that passes through $\left( 4 , 0 \right)$ and $\left( 20 , 12 \right)$. The distance between $\left( - 4 , 0 \right)$ and $\left( 20 , 10 \right)$ is $\sqrt{\left( 20 + 4 \right)^2 + \left( 10 - 0 \right)^2} = 26$. The distance between $\left( 4 , 0 \right)$ and $\left( 20 , 12 \right)$ is $\sqrt{\left( 20 - 4 \right)^2 + \left( 12 - 0 \right)^2} = 20$. Hence, $2 a + 2 b = 26 + 20 = 46$. Therefore, $a + b = \boxed{\textbf{(023) }}.$;23
There is a polynomial $P(x)$ with integer coefficients such that\[P(x)=\frac{(x^{2310}-1)^6}{(x^{105}-1)(x^{70}-1)(x^{42}-1)(x^{30}-1)}\]holds for every $0<x<1.$ Find the coefficient of $x^{2022}$ in $P(x)$.;Note that $2022 = 210\cdot 9 +132$. Since the only way to express $132$ in terms of $105$, $70$, $42$, or $30$ is $132 = 30+30+30+42$, we are essentially just counting the number of ways to express $210*9$ in terms of these numbers. Since $210 = 2*105=3*70=5*42=7*30$, it can only be expressed as a sum in terms of only one of the numbers ($105$, $70$, $42$, or $30$). Thus, the answer is (by sticks and stones) \[\binom{12}{3} = \boxed{\textbf{(220)}}\];220
For positive integers $a$, $b$, and $c$ with $a < b < c$, consider collections of postage stamps in denominations $a$, $b$, and $c$ cents that contain at least one stamp of each denomination. If there exists such a collection that contains sub-collections worth every whole number of cents up to $1000$ cents, let $f(a, b, c)$ be the minimum number of stamps in such a collection. Find the sum of the three least values of $c$ such that $f(a, b, c) = 97$ for some choice of $a$ and $b$.;Notice that we must have $a = 1$, otherwise $1$ cent stamp cannot be represented. At least $b-1$ numbers of $1$ cent stamps are needed to represent the values less than $b$. Using at most $c-1$ stamps of value $1$ and $b$, it can have all the values from $1$ to $c-1$ cents. Plus $\lfloor \frac{999}{c} \rfloor$ stamps of value $c$, every value up to $1000$ can be represented. Though this should be $\lfloor \frac{1000}{c} \rfloor$. The current function breaks when $c \mid 1000$ and $b \mid c$. Take $c = 200$ and $b = 20$. Then, we have $\lfloor \frac{999}{200} \rfloor = 4$ stamps of value 200, $\lfloor \frac{199}{20} \rfloor = 9$ stamps of value b, and 19 stamps of value 1. The maximum such a collection can give is $200 \cdot 4 + 20 \cdot 9 +19 \cdot 1 = 999$, just shy of the needed 1000. As for the rest of solution, proceed similarly, except use $1000$ instead of $999$. Also, some explanation: $b-1$ one cent stamps cover all residues module $b$. Having $\lfloor \frac{c-1}{b} \rfloor$ stamps of value b covers all residue classes modulo $c$. Finally, we just need $\lfloor \frac{1000}{c} \rfloor$ to cover everything up to 1000. In addition, note that this function sometimes may not always minimize the number of stamps required. This is due to the fact that the stamps of value $b$ and of value $1$ have the capacity to cover values greater than or equal to $c$ (which occurs when $c-1$ has a remainder less than $b-1$ when divided by $b$). Thus, in certain cases, not all $\lfloor \frac{1000}{c} \rfloor$ stamps of value c may be necessary, because the stamps of value $b$ and 1 can replace one $c$. Actually, $f(a, b, c) = b + \lceil \frac{c}{b} \rceil + \lceil \frac{1001-b \lceil \frac{c}{b} \rceil}{c} \rceil - 2$. This could be obtained by solving the minimum of $A+B+C$ for the system of inequalities $A \geq b-14$, $A+Bb \geq c$, and $A+Bb+Cc \geq 1000$, (Using the inequality adjustment method) where $A$, $B$, and $C$ represent the number of $a$, $b$, and $c$ postage stamps used. It is possible to get that $A=b-1$, $B=\lceil \frac{c}{b} \rceil-1$, $C=\lceil \frac{1001-b \lceil \frac{c}{b} \rceil}{c} \rceil$. $f(a,b,c)=A+B+C$ yields the above. Note that in $\text{Case } 2$, $c=88$, for the original solution $a=1$, $b=86$, $c=88$, $f(a,b,c)=96$ if the above definition is used. When $A=85$, $B=1$, and $C=10$, you can get a collection that satisfies the conditions of the problem. $A+B+C=96$ here. Note that using the correction does not change that the original $f(1,87,88)=97$. Under the correction of the correction: The actual solution could be achieved by using inequalities on the left and right of $f(a,b,c)$ to get $b+\frac{1001}{c}-3<f(a,b,c)<c+1+\frac{1001}{c}$. Similar steps follow after substituting $f(a,b,c)=97$. However, $f(1,7,11)=f(1,87,88)=f(1,87,89)=97$. Therefore the answer is still $11+88+89=\boxed{188}$.;188
Five men and nine women stand equally spaced around a circle in random order. The probability that every man stands diametrically opposite a woman is $\frac{m}{n},$ where $m$ and $n$ are relatively prime positive integers. Find $m+n.$;For simplicity purposes, we consider two arrangements different even if they only differ by rotations or reflections. In this way, there are $14!$ arrangements without restrictions. First, there are $\binom{7}{5}$ ways to choose the man-woman diameters. Then, there are $10\cdot8\cdot6\cdot4\cdot2$ ways to place the five men each in a man-woman diameter. Finally, there are $9!$ ways to place the nine women without restrictions. Together, the requested probability is \[\frac{\tbinom{7}{5}\cdot(10\cdot8\cdot6\cdot4\cdot2)\cdot9!}{14!} = \frac{21\cdot(10\cdot8\cdot6\cdot4\cdot2)}{14\cdot13\cdot12\cdot11\cdot10} = \frac{48}{143},\] from which the answer is $48+143 = \boxed{191}.$;191
Positive real numbers $b \not= 1$ and $n$ satisfy the equations \[\sqrt{\log_b n} = \log_b \sqrt{n} \qquad \text{and} \qquad b \cdot \log_b n = \log_b (bn).\] The value of $n$ is $\frac{j}{k},$ where $j$ and $k$ are relatively prime positive integers. Find $j+k.$;Denote $x = \log_b n$. Hence, the system of equations given in the problem can be rewritten as \begin{align*} \sqrt{x} & = \frac{1}{2} x , \\ bx & = 1 + x . \end{align*} Solving the system gives $x = 4$ and $b = \frac{5}{4}$. Therefore, \[n = b^x = \frac{625}{256}.\] Therefore, the answer is $625 + 256 = \boxed{881}$.;881
A plane contains $40$ lines, no $2$ of which are parallel. Suppose that there are $3$ points where exactly $3$ lines intersect, $4$ points where exactly $4$ lines intersect, $5$ points where exactly $5$ lines intersect, $6$ points where exactly $6$ lines intersect, and no points where more than $6$ lines intersect. Find the number of points where exactly $2$ lines intersect.;In this solution, let $\boldsymbol{n}$-line points be the points where exactly $n$ lines intersect. We wish to find the number of $2$-line points. There are $\binom{40}{2}=780$ pairs of lines. Among them: The $3$-line points account for $3\cdot\binom32=9$ pairs of lines. The $4$-line points account for $4\cdot\binom42=24$ pairs of lines. The $5$-line points account for $5\cdot\binom52=50$ pairs of lines. The $6$-line points account for $6\cdot\binom62=90$ pairs of lines. It follows that the $2$-line points account for $780-9-24-50-90=\boxed{607}$ pairs of lines, where each pair intersect at a single point.;607
The sum of all positive integers $m$ such that $\frac{13!}{m}$ is a perfect square can be written as $2^a3^b5^c7^d11^e13^f,$ where $a,b,c,d,e,$ and $f$ are positive integers. Find $a+b+c+d+e+f.$;We first rewrite $13!$ as a prime factorization, which is $2^{10}\cdot3^5\cdot5^2\cdot7\cdot11\cdot13.$ For the fraction to be a square, it needs each prime to be an even power. This means $m$ must contain $7\cdot11\cdot13$. Also, $m$ can contain any even power of $2$ up to $2^{10}$, any odd power of $3$ up to $3^{5}$, and any even power of $5$ up to $5^{2}$. The sum of $m$ is \[(2^0+2^2+2^4+2^6+2^8+2^{10})(3^1+3^3+3^5)(5^0+5^2)(7^1)(11^1)(13^1) =\] \[1365\cdot273\cdot26\cdot7\cdot11\cdot13 = 2\cdot3^2\cdot5\cdot7^3\cdot11\cdot13^4.\] Therefore, the answer is $1+2+1+3+1+4=\boxed{012}$.;12
Let $P$ be a point on the circle circumscribing square $ABCD$ that satisfies $PA \cdot PC = 56$ and $PB \cdot PD = 90.$ Find the area of $ABCD.$;Drop a height from point $P$ to line $\overline{AC}$ and line $\overline{BC}$. Call these two points to be $X$ and $Y$, respectively. Notice that the intersection of the diagonals of $\square ABCD$ meets at a right angle at the center of the circumcircle, call this intersection point $O$. Since $OXPY$ is a rectangle, $OX$ is the distance from $P$ to line $\overline{BD}$. We know that $\tan{\angle{POX}} = \frac{PX}{XO} = \frac{28}{45}$ by triangle area and given information. Then, notice that the measure of $\angle{OCP}$ is half of $\angle{XOP}$. Using the half-angle formula for tangent, \begin{align*} \frac{(2 \cdot \tan{\angle{OCP}})}{(1-\tan^2{\angle{OCP}})} = \tan{\angle{POX}} = \frac{28}{45} \\ 14\tan^2{\angle{OCP}} + 45\tan{\angle{OCP}} - 14 = 0 \end{align*}. Solving the equation above, we get that $\tan{\angle{OCP}} = -7/2$ or $2/7$. Since this value must be positive, we pick $\frac{2}{7}$. Then, $\frac{PA}{PC} = 2/7$ (since $\triangle CAP$ is a right triangle with line $\overline{AC}$ the diameter of the circumcircle) and $PA * PC = 56$. Solving we get $PA = 4$, $PC = 14$, giving us a diagonal of length $\sqrt{212}$ and area $\boxed{106}$.;106
Alice knows that $3$ red cards and $3$ black cards will be revealed to her one at a time in random order. Before each card is revealed, Alice must guess its color. If Alice plays optimally, the expected number of cards she will guess correctly is $\frac{m}{n},$ where $m$ and $n$ are relatively prime positive integers. Find $m+n.$;Denote by $N_{i,j}$ the optimal expected number of cards that Alice guesses correctly, where the number of cards are $i$ and $j \ge i.$ If $i = 0$ then Alice guesses correctly all cards, so $N_{0,j} = j.$ If $j = i$ then Alice guesses next card with probability $\frac {1}{2} \implies N_{i,i} = \frac {1}{2} + N_{i-1,i}.$ If $j = i+1$ then Alice guesses next card with probability $\frac {i+1}{2i+1} \implies N_{i,i+1} = \frac {i+1}{2i+1} (1+ N_{i,i}) + \frac{i}{2i+1} N_{i-1,i+1}.$ If $j = i+2$ then Alice guesses next card with probability $\frac {i+2}{2i+2} \implies N_{i,i+2} = \frac {i+2}{2i+2} (1+ N_{i,i+1}) + \frac{i}{2i+2} N_{i-1,i+2}.$ One can find consistently: $N_{1,1} = \frac {1}{2} + N_{0,1} = \frac {3}{2},$ \[N_{1,2} = \frac {2}{3} (1 + N_{1,1}) + \frac {1}{3} N_{0,2} = \frac {7}{3}.\] \[N_{2,2} = \frac {1}{2} + N_{1,2} = \frac {17}{6}.\] \[N_{1,3} = \frac {3}{4} (1 + N_{1,2}) + \frac {1}{4} N_{0,3} = \frac {13}{4}.\] \[N_{2,3} = \frac {3}{5} (1 + N_{2,2}) + \frac {2}{5} N_{1,3} = \frac {18}{5}.\] \[N_{3,3} = \frac {1}{2} + N_{2,3} = \frac {41}{10}.\] Therefore, the answer is $41 + 10 = \boxed{\textbf{(051) }}$.;51
Call a positive integer $n$ extra-distinct if the remainders when $n$ is divided by $2, 3, 4, 5,$ and $6$ are distinct. Find the number of extra-distinct positive integers less than $1000$.;Because the LCM of all of the numbers we are dividing by is $60$, we know that all of the remainders are $0$ again at $60$, meaning that we have a cycle that repeats itself every $60$ numbers. After listing all of the remainders up to $60$, we find that $35$, $58$, and $59$ are extra-distinct. So, we have $3$ numbers every $60$ which are extra-distinct. $60\cdot16 = 960$ and $3\cdot16 = 48$, so we have $48$ extra-distinct numbers in the first $960$ numbers. Because of our pattern, we know that the numbers from $961$ thru $1000$ will have the same remainders as $1$ thru $40$, so we have $1$ other extra-distinct number ($35$). $48 + 1 = \boxed{049}$.;49
Rhombus $ABCD$ has $\angle BAD < 90^\circ.$ There is a point $P$ on the incircle of the rhombus such that the distances from $P$ to the lines $DA,AB,$ and $BC$ are $9,$ $5,$ and $16,$ respectively. Find the perimeter of $ABCD.$;The center of the incircle is $O.$ Denote the points in which the incircle meets $\overline{AB},$ $\overline{BC},$ $\overline{CD},$ and $\overline{DA}$ as $W,$ $X,$ $Y,$ and $Z,$ respectively. Next, also denote the base of the perpendicular from $P$ to $\overline{AB},$ $\overline{AD},$ $\overline{OW},$ and $\overline{OZ}$ as $M,$ $N,$ $S,$ and $T,$ respectively. We can easily see that the radius of the circle is $\frac{25}{2}.$ Using this and Pythagorus on right $\triangle OSP$ and $\triangle OTP,$ we find that $MW = PS = 10$ and $NZ = PT = 12.$ Since $AW = AZ$ by properties of circle tangents, we can deduce by the above information that $AM = AN+2.$ Doing Pythagorus on right $\triangle AMP$ and $\triangle ANP$ we find that $a^2 = b^2 + 56$ (because $a^2+25=b^2+81.$) From solving the $2$ just derived equations, we find that $AM=15$ and $AN=13.$ Next, we use Pythagorus on right $\triangle AOB$ (we can see it's right because of properties of rhombuses.) We get \[AB^2 = AO^2 + BO^2.\] We know $AB = AW + WB = 25 + WB.$ By Pythagorus on $\triangle AWO$ and $\triangle BWO,$ we also know $AO^2 = 25^2+\left(\frac{25}{2}\right)^2$ and $BO^2=WB^2+\left(\frac{25}{2}\right)^2.$ Substituting these in, we have \[25^2 + 50WB + WB^2 = 25^2+\left(\frac{25}{2}\right)^2+\left(\frac{25}{2}\right)^2+WB^2.\] Solving for $WB,$ we get $WB = \frac{25}{4}.$ Now we find that each side of the rhombus $=AB=25+\frac{25}{4}=\frac{125}{4}.$ The perimeter of the rhombus would be that times $4.$ Our final answer is \[\frac{125}{4}\cdot4=\boxed{125}.\];125
Find the number of cubic polynomials $p(x) = x^3 + ax^2 + bx + c,$ where $a, b,$ and $c$ are integers in $\{-20,-19,-18,\ldots,18,19,20\},$ such that there is a unique integer $m \not= 2$ with $p(m) = p(2).$;$p(x)-p(2)$ is a cubic with at least two integral real roots, therefore it has three real roots, which are all integers. There are exactly two distinct roots, so either $p(x)=p(2)+(x-2)^2(x-m)$ or $p(x)=p(2)+(x-2)(x-m)^2$, with $m\neq 2$. In the first case $p(x)=x^3-(4+m)x^2+(4+4m)x-4m+p(2)$, with $|4+4m|\leq 20$ (which entails $|4+m|\leq 20$), so $m$ can be $-6,-5,-4,-3,-2,-1,0,1, (\textbf{not 2}!), 3,4$ and $-4m+p(2)$ can be any integer from $-20$ to $20$, giving $410$ polynomials (since the coefficients are given by linear functions of $m$ and thus are distinct). In the second case $p(x)=x^3-(2+2m)x^2+(4m+m^2)x-2m^2+p(2)$, and $m$ can be $-6,-5,-4,-3,-2,-1,0,1$ and $-4m+p(2)$ can be any integer from $-20$ to $20$, giving $328$ polynomials. The total is $\boxed{738}$.;738
There exists a unique positive integer $a$ for which the sum \[U=\sum_{n=1}^{2023}\left\lfloor\dfrac{n^{2}-na}{5}\right\rfloor\] is an integer strictly between $-1000$ and $1000$. For that unique $a$, find $a+U$. (Note that $\lfloor x\rfloor$ denotes the greatest integer that is less than or equal to $x$.);Consider the integral \[\int_{0}^{2023} \dfrac{n^2-na}{5} \, dn.\] We hope this will give a good enough appoximation of $U$ to find $a.$ However, this integral can be easily evaluated to be \[\dfrac{1}{15}2023^3-\dfrac{a}{10}2023^2=2023^2\left(\dfrac{2023}{15}-\dfrac{a}{10}\right).\] Because we want this to be as close to $0$ as possible, we find that $a$ should equal $1349.$ Then, evaluating the sum becomes trivial. Set \[U'=\sum_{n=1}^{2023}\dfrac{n^2-1349n}{5}\] and \[U''=\sum_{n=1}^{2023}\{\dfrac{n^2-1349n}{5}\}.\] Then $U=U'-U''.$ We can evaluate $U'$ to be $0$ and $U''$ to be $-405$ (using some basic number theory). Thus, $U=-405$ and the answer is \[1349+(-405)=\boxed{944}.\];944
Find the number of subsets of $\{1,2,3,\ldots,10\}$ that contain exactly one pair of consecutive integers. Examples of such subsets are $\{\mathbf{1},\mathbf{2},5\}$ and $\{1,3,\mathbf{6},\mathbf{7},10\}.$;Define $f(x)$ to be the number of subsets of $\{1, 2, 3, 4, \ldots x\}$ that have $0$ consecutive element pairs, and $f'(x)$ to be the number of subsets that have $1$ consecutive pair. Using casework on where the consecutive element pair is, there is a unique consecutive element pair that satisfies the conditions. It is easy to see that \[f'(10) = 2f(7) + 2f(6) + 2f(1)f(5) + 2f(2)f(4) + f(3)^2.\] We see that $f(1) = 2$, $f(2) = 3$, and $f(n) = f(n-1) + f(n-2)$. This is because if the element $n$ is included in our subset, then there are $f(n-2)$ possibilities for the rest of the elements (because $n-1$ cannot be used), and otherwise there are $f(n-1)$ possibilities. Thus, by induction, $f(n)$ is the $n+1$th Fibonacci number. This means that $f'(10) = 2(34) + 2(21) + 2(2)(13) + 2(3)(8) + 5^2 = \boxed{235}$.;235
Let $\triangle ABC$ be an equilateral triangle with side length $55.$ Points $D,$ $E,$ and $F$ lie on $\overline{BC},$ $\overline{CA},$ and $\overline{AB},$ respectively, with $BD = 7,$ $CE=30,$ and $AF=40.$ Point $P$ inside $\triangle ABC$ has the property that \[\angle AEP = \angle BFP = \angle CDP.\] Find $\tan^2(\angle AEP).$;Denote $\theta = \angle AEP$. In $AFPE$, we have $\overrightarrow{AF} + \overrightarrow{FP} + \overrightarrow{PE} + \overrightarrow{EA} = 0$. Thus, \[ AF + FP e^{i \theta} + PE e^{i \left( \theta + 60^\circ \right)} + EA e^{- i 120^\circ} = 0. \] Taking the real and imaginary parts, we get \begin{align*} AF + FP \cos \theta + PE \cos \left( \theta + 60^\circ \right) + EA \cos \left( - 120^\circ \right) & = 0 \hspace{1cm} (1) \\ FP \sin \theta + PE \sin \left( \theta + 60^\circ \right) + EA \sin \left( - 120^\circ \right) & = 0 \hspace{1cm} (2) \end{align*} In $BDPF$, analogous to the analysis of $AFPE$ above, we get \begin{align*} BD + DP \cos \theta + PF \cos \left( \theta + 60^\circ \right) + FB \cos \left( - 120^\circ \right) & = 0 \hspace{1cm} (3) \\ DP \sin \theta + PF \sin \left( \theta + 60^\circ \right) + FB \sin \left( - 120^\circ \right) & = 0 \hspace{1cm} (4) \end{align*} Taking $(1) \cdot \sin \left( \theta + 60^\circ \right) - (2) \cdot \cos \left( \theta + 60^\circ \right)$, we get \[ AF \sin \left( \theta + 60^\circ \right) + \frac{\sqrt{3}}{2} FP - EA \sin \theta = 0 . \hspace{1cm} (5) \] Taking $(3) \cdot \sin \theta - (4) \cdot \cos \theta$, we get \[ BD \sin \theta - \frac{\sqrt{3}}{2} FP + FB \sin \left( \theta + 120^\circ \right) . \hspace{1cm} (6) \] Taking $(5) + (6)$, we get \[ AF \sin \left( \theta + 60^\circ \right) - EA \sin \theta + BD \sin \theta + FB \sin \left( \theta + 120^\circ \right) . \] Therefore, \begin{align*} \tan \theta & = \frac{\frac{\sqrt{3}}{2} \left( AF + FB \right)} {\frac{FB}{2} + EA - \frac{AF}{2} - BD} \\ & = 5 \sqrt{3} . \end{align*} Therefore, $\tan^2 \theta = \boxed{075}$.;75
Find the largest prime number $p<1000$ for which there exists a complex number $z$ satisfying the real and imaginary part of $z$ are both integers, $|z|=\sqrt{p},$ and there exists a triangle whose three side lengths are $p,$ the real part of $z^{3},$ and the imaginary part of $z^{3}.$;Assume that $z=a+bi$. Then, \[z^3=(a^3-3ab^2)+(3a^2b-b^3)i\]Note that by the Triangle Inequality, \[|(a^3-3ab^2)-(3a^2b-b^3)|<p\implies |a^3+b^3-3ab^2-3a^2b|<a^2+b^2\]Thus, we know \[|a+b||a^2+b^2-4ab|<a^2+b^2\]Without loss of generality, assume $a>b$ (as otherwise, consider $i^3\overline z=b+ai$). If $|a/b|\geq 4$, then \[17b^2\geq a^2+b^2>|a+b||a^2+b^2-4ab|\geq |b-4b||16b^2-16b^2+b^2|=3b^3\]`Thus, this means $b\leq\frac{17}3$ or $b\leq 5$. Also note that the roots of $x^2-4x+1$ are $2\pm\sqrt 3$, so thus if $b\geq 6$, \[2\sqrt 3b=(2(2-\sqrt 3)-4)b<a<4b\]Note that \[1000>p=a^2+b^2\geq 12b^2+b^2=13b^2\]so $b^2<81$, and $b<9$. If $b=8$, then $16\sqrt 3\leq a\leq 32$. Note that $\gcd(a,b)=1$, and $a\not\equiv b\pmod 2$, so $a=29$ or $31$. However, then $5\mid a^2+b^2$, absurd. If $b=7$, by similar logic, we have that $14\sqrt 3 <a< 28$, so $b=26$. However, once again, $5\mid a^2+b^2$. If $b=6$, by the same logic, $12\sqrt3<a<24$, so $a=23$, where we run into the same problem. Thus $b\leq 5$ indeed. If $b=5$, note that \[(a+5)(a^2+25-20a)<a^2+25\implies a<20\]We note that $p=5^2+18^2=349$ works. Thus, we just need to make sure that if $b\leq 4$, $a\leq 18$. But this is easy, as \[p>(a+b)(a^2+b^2-4ab)\geq (4+18)(4^2+18^2-4\cdot 4\cdot 18)>1000\]absurd. Thus, the answer is $\boxed{349}$.;349
The numbers of apples growing on each of six apple trees form an arithmetic sequence where the greatest number of apples growing on any of the six trees is double the least number of apples growing on any of the six trees. The total number of apples growing on all six trees is $990.$ Find the greatest number of apples growing on any of the six trees.;Let the terms in the sequence be defined as \[a_1, a_2, ..., a_6.\] Since this is an arithmetic sequence, we have $a_1+a_6=a_2+a_5=a_3+a_4.$ So, \[\sum_{i=1}^6 a_i=3(a_1+a_6)=990.\] Hence, $(a_1+a_6)=330.$ And, since we are given that $a_6=2a_1,$ we get $3a_1=330\implies a_1=110$ and $a_6=\boxed{220}.$;220
Recall that a palindrome is a number that reads the same forward and backward. Find the greatest integer less than $1000$ that is a palindrome both when written in base ten and when written in base eight, such as $292 = 444_{\text{eight}}.$;Assuming that such palindrome is greater than $777_8 = 511,$ we conclude that the palindrome has four digits when written in base $8.$ Let such palindrome be \[(\underline{ABBA})_8 = 512A + 64B + 8B + A = 513A + 72B.\] It is clear that $A=1,$ so we repeatedly add $72$ to $513$ until we get palindromes less than $1000:$ \begin{align*} 513+72\cdot0 &= 513, \\ 513+72\cdot1 &= \boxed{585}, \\ 513+72\cdot2 &= 657, \\ 513+72\cdot3 &= 729, \\ 513+72\cdot4 &= 801, \\ 513+72\cdot5 &= 873, \\ 513+72\cdot6 &= 945, \\ 513+72\cdot7 &= 1017. \\ \end{align*};585
Let $\triangle ABC$ be an isosceles triangle with $\angle A = 90^\circ.$ There exists a point $P$ inside $\triangle ABC$ such that $\angle PAB = \angle PBC = \angle PCA$ and $AP = 10.$ Find the area of $\triangle ABC.$;Since the triangle is a right isosceles triangle, $\angle B = \angle C = 45^\circ$. Do some angle chasing yielding: $\angle APB = \angle BPC = 135^\circ$ $\angle APC=90^\circ$ We have $AC=\frac{10}{\sin\theta}$ since $\triangle APC$ is a right triangle. Since $\triangle ABC$ is a $45^\circ$-$45^\circ$-$90^\circ$ triangle, $AB=\frac{10}{\sin\theta}$, and $BC=\frac{10\sqrt{2}}{\sin\theta}$. Note that $\triangle APB \sim \triangle BPC$ by a factor of $\sqrt{2}$. Thus, $BP = 10\sqrt{2}$, and $PC = 20$. From Pythagorean theorem, $AC=10\sqrt{5}$ so the area of $\triangle ABC$ is $\frac{(10\sqrt{5})^2}{2}=\boxed{250}$.;250
Let $x,y,$ and $z$ be real numbers satisfying the system of equations \begin{align*} xy + 4z &= 60 \\ yz + 4x &= 60 \\ zx + 4y &= 60. \end{align*} Let $S$ be the set of possible values of $x.$ Find the sum of the squares of the elements of $S.$;We first subtract the second equation from the first, noting that they both equal $60$. \begin{align*} xy+4z-yz-4x&=0 \\ 4(z-x)-y(z-x)&=0 \\ (z-x)(4-y)&=0 \end{align*} Case 1: Let $y=4$. The first and third equations simplify to: \begin{align*} x+z&=15 \\ xz&=44 \end{align*} from which it is apparent that $x=4$ and $x=11$ are solutions. Case 2: Let $x=z$. The first and third equations simplify to: \begin{align*} xy+4x&=60 \\ x^2+4y&=60 \end{align*} We subtract the following equations, yielding: \begin{align*} x^2+4y-xy-4x&=0 \\ x(x-4)-y(x-4)&=0 \\ (x-4)(x-y)&=0 \end{align*} We thus have $x=4$ and $x=y$, substituting in $x=y=z$ and solving yields $x=6$ and $x=-10$. Then, we just add the squares of the solutions (make sure not to double count the $4$), and get \[4^2+11^2+6^2+(-10)^2=16+121+36+100=\boxed{273}.\];273
Let $S$ be the set of all positive rational numbers $r$ such that when the two numbers $r$ and $55r$ are written as fractions in lowest terms, the sum of the numerator and denominator of one fraction is the same as the sum of the numerator and denominator of the other fraction. The sum of all the elements of $S$ can be expressed in the form $\frac{p}{q},$ where $p$ and $q$ are relatively prime positive integers. Find $p+q.$;Denote $r = \frac{a}{b}$, where $\left( a, b \right) = 1$. We have $55 r = \frac{55a}{b}$. Suppose $\left( 55, b \right) = 1$, then the sum of the numerator and the denominator of $55r$ is $55a + b$. This cannot be equal to the sum of the numerator and the denominator of $r$, $a + b$. Therefore, $\left( 55, b \right) \neq 1$. Case 1: $b$ can be written as $5c$ with $\left( c, 11 \right) = 1$. Thus, $55r = \frac{11a}{c}$. Because the sum of the numerator and the denominator of $r$ and $55r$ are the same, \[ a + 5c = 11a + c . \] Hence, $2c = 5 a$. Because $\left( a, b \right) = 1$, $\left( a, c \right) = 1$. Thus, $a = 2$ and $c = 5$. Therefore, $r = \frac{a}{5c} = \frac{2}{25}$. Case 2: $b$ can be written as $11d$ with $\left( d, 5 \right) = 1$. Thus, $55r = \frac{5a}{c}$. Because the sum of the numerator and the denominator of $r$ and $55r$ are the same, \[ a + 11c = 5a + c . \] Hence, $2a = 5 c$. Because $\left( a, b \right) = 1$, $\left( a, c \right) = 1$. Thus, $a = 5$ and $c = 2$. Therefore, $r = \frac{a}{11c} = \frac{5}{22}$. Case 3: $b$ can be written as $55 e$. Thus, $55r = \frac{a}{c}$. Because the sum of the numerator and the denominator of $r$ and $55r$ are the same, \[ a + 55c = a + c . \] Hence, $c = 0$. This is infeasible. Thus, there is no solution in this case. Putting all cases together, $S = \left\{ \frac{2}{25}, \frac{5}{22} \right\}$. Therefore, the sum of all numbers in $S$ is \[ \frac{2}{25} + \frac{5}{22} = \frac{169}{550} . \] Therefore, the answer is $169 + 550 = \boxed{\textbf{(719) }}$.;719
Each vertex of a regular dodecagon ($12$-gon) is to be colored either red or blue, and thus there are $2^{12}$ possible colorings. Find the number of these colorings with the property that no four vertices colored the same color are the four vertices of a rectangle.;Note that the condition is equivalent to stating that there are no 2 pairs of oppositely spaced vertices with the same color. Case 1: There are no pairs. This yields $2$ options for each vertices 1-6, and the remaining vertices 7-12 are set, yielding $2^6=64$ cases. Case 2: There is one pair. Again start with 2 options for each vertex in 1-6, but now multiply by 6 since there are 6 possibilities for which pair can have the same color assigned instead of the opposite. Thus, the cases are: $2^6*6=384$ case 3: There are two pairs, but oppositely colored. Start with $2^6$ for assigning 1-6, then multiply by 6C2=15 for assigning which have repeated colors. Divide by 2 due to half the cases having the same colored opposites. $2^6*15/2=480$ It is apparent that no other cases exist, as more pairs would force there to be 2 pairs of same colored oppositely spaced vertices with the same color. Thus, the answer is: $64+384+480=\boxed{928}$;928
Let $\omega = \cos\frac{2\pi}{7} + i \cdot \sin\frac{2\pi}{7},$ where $i = \sqrt{-1}.$ Find the value of the product\[\prod_{k=0}^6 \left(\omega^{3k} + \omega^k + 1\right).\];For any $k\in Z$, we have, \begin{align*} & \left( \omega^{3k} + \omega^k + 1 \right) \left( \omega^{3\left( 7 - k \right)} + \omega^{\left( 7 - k \right)} + 1 \right) \\ & = \omega^{3 \cdot 7} + \omega^{2k + 7} + \omega^{3k} + \omega^{-2k + 3 \cdot 7} + \omega^7 + \omega^k + \omega^{3\left( 7 - k \right)} + \omega^{\left( 7 - k \right)} + 1 \\ & = 1 + \omega^{2k} + \omega^{3k} + \omega^{-2k} + 1 + \omega^k + \omega^{-3k} + \omega^{-k} + 1 \\ & = 2 + \omega^{-3k} \sum_{j=0}^6 \omega^{j k} \\ & = 2 + \omega^{-3k} \frac{1 - \omega^{7 k}}{1 - \omega^k} \\ & = 2 . \end{align*} The second and the fifth equalities follow from the property that $\omega^7 = 1$. Therefore, \begin{align*} \Pi_{k=0}^6 \left( \omega^{3k} + \omega^k + 1 \right) & = \left( \omega^{3 \cdot 0} + \omega^0 + 1 \right) \Pi_{k=1}^3 \left( \omega^{3k} + \omega^k + 1 \right) \left( \omega^{3\left( 7 - k \right)} + \omega^{\left( 7 - k \right)} + 1 \right) \\ & = 3 \cdot 2^3 \\ & = \boxed{\textbf{024}}. \end{align*};24
Circles $\omega_1$ and $\omega_2$ intersect at two points $P$ and $Q,$ and their common tangent line closer to $P$ intersects $\omega_1$ and $\omega_2$ at points $A$ and $B,$ respectively. The line parallel to $AB$ that passes through $P$ intersects $\omega_1$ and $\omega_2$ for the second time at points $X$ and $Y,$ respectively. Suppose $PX=10,$ $PY=14,$ and $PQ=5.$ Then the area of trapezoid $XABY$ is $m\sqrt{n},$ where $m$ and $n$ are positive integers and $n$ is not divisible by the square of any prime. Find $m+n.$;Denote by $O_1$ and $O_2$ the centers of $\omega_1$ and $\omega_2$, respectively. Let $XY$ and $AO_1$ intersect at point $C$. Let $XY$ and $BO_2$ intersect at point $D$. Because $AB$ is tangent to circle $\omega_1$, $O_1 A \perp AB$. Because $XY \parallel AB$, $O_1 A \perp XY$. Because $X$ and $P$ are on $\omega_1$, $O_1A$ is the perpendicular bisector of $XY$. Thus, $PC = \frac{PX}{2} = 5$. Analogously, we can show that $PD = \frac{PY}{2} = 7$. Thus, $CD = CP + PD = 12$. Because $O_1 A \perp CD$, $O_1 A \perp AB$, $O_2 B \perp CD$, $O_2 B \perp AB$, $ABDC$ is a rectangle. Hence, $AB = CD = 12$. Let $QP$ and $AB$ meet at point $M$. Thus, $M$ is the midpoint of $AB$. Thus, $AM = \frac{AB}{2} = 6$. This is the case because $PQ$ is the radical axis of the two circles, and the powers with respect to each circle must be equal. In $\omega_1$, for the tangent $MA$ and the secant $MPQ$, following from the power of a point, we have $MA^2 = MP \cdot MQ$. By solving this equation, we get $MP = 4$. We notice that $AMPC$ is a right trapezoid. Hence, \begin{align*} AC & = \sqrt{MP^2 - \left( AM - CP \right)^2} \\ & = \sqrt{15} . \end{align*} Therefore, \begin{align*} [XABY] & = \frac{1}{2} \left( AB + XY \right) AC \\ & = \frac{1}{2} \left( 12 + 24 \right) \sqrt{15} \\ & = 18 \sqrt{15}. \end{align*} Therefore, the answer is $18 + 15 = \boxed{\textbf{(033)}}$.;33
Let $N$ be the number of ways to place the integers $1$ through $12$ in the $12$ cells of a $2 \times 6$ grid so that for any two cells sharing a side, the difference between the numbers in those cells is not divisible by $3.$ One way to do this is shown below. Find the number of positive integer divisors of $N.$ \[\begin{array}{|c|c|c|c|c|c|} \hline \,1\, & \,3\, & \,5\, & \,7\, & \,9\, & 11 \\ \hline \,2\, & \,4\, & \,6\, & \,8\, & 10 & 12 \\ \hline \end{array}\];We replace the numbers which are 0 mod(3) to 0, 1 mod(3) to 1, and 2 mod(3) to 2. Then, the problem is equivalent to arranging 4 0's,4 1's, and 4 2's into the grid (and then multiplying by $4!^3$ to account for replacing the remainder numbers with actual numbers) such that no 2 of the same numbers are adjacent. Then, the numbers which are vertically connected must be different. 2 1s must be connected with 2 2s, and 2 1s must be connected with 2 2s (vertically), as if there are less 1s connected with either, then there will be 2s or 3s which must be connected within the same number. For instance if we did did: - 12 x 3 - 13 x 1 Then we would be left with 23 x1, and 2 remaining 3s which aren't supposed to be connected, so it is impossible. Similar logic works for why all 1s can't be connected with all 2s. Thus, we are left with the problem of re-arranging 2x 12 pairs, 2x 13 pairs, 2x 23 pairs. Notice that the pairs can be re-arranged horizontally in any configuration, but when 2 pairs are placed adjacent there is only 1 configuration for the rightmost pair to be set after the leftmost one has been placed. We have $\frac{6!}{2!2!2!}=90$ ways to horizontally re-arrange the pairs, with 2 ways to set the initial leftmost column. Thus, there are 180 ways to arrange the pairs. Accounting for the initial simplification of the problem with 1-12 -> 0-3, we obtain the answer is: \[2488320=2^{11}\cdot3^5\cdot5^1\] The number of divisors is: $12\cdot6\cdot2=\boxed{144}.$;144
Find the number of collections of $16$ distinct subsets of $\{1,2,3,4,5\}$ with the property that for any two subsets $X$ and $Y$ in the collection, $X \cap Y \not= \emptyset.$;Denote the $A$ as $\{ 1,2,3,4,5 \}$ and the collection of subsets as $S$. Case 1: There are only sets of size $3$ or higher in $S$: Any two sets in $S$ must have at least one element common to both of them (since $3+3>5$). Since there are $16$ subsets of $A$ that have size $3$ or higher, there is only one possibility for this case. Case 2: There are only sets of size $2$ or higher in $S$: Firstly, there cannot be a no size $2$ set $S$, or it will be overcounting the first case. If there is only one such size $2$ set, there are $10$ ways to choose it. That size $2$ set, say $X$, cannot be in $S$ with $Y = A/X$ (a three element set). Thus, there are only $15$ possible size $3$ subsets that can be in $S$, giving us $10$ for this case. If there are two sets with size $2$ in $S$, we can choose the common elements of these two subsets in $5$ ways, giving us a total of $5\cdot 6 = 30$. If there are three sets with size $2$, they can either share one common element, which can be done in $5 \cdot 4 = 20$ ways, or they can share pairwise common elements (sort of like a cycle), which can be done $\binom{5}{2} = 10$ ways. In total, we have $30$ possibilities. If there are four sets with size $2$, they all have to share one common element, which can be done in $5\cdot 1$ ways. Thus, summing everything up, this will give us $75$ possible sets $S$. Case 3: There is a set with size $1$ in $S$: Notice that be at most one size $1$ subset. There are $5$ ways to choose that single element set. Say it's $\{ 1\}$. All other subsets in $S$ must have a $1$ in them, but there are only $2^4-1 = 15$ of them. Thus this case yields $5\cdot 1 = 5$ possibilities. Thus, the total number of sets $S$ would be $1+75+5 = \boxed{\textbf{(081)}}$.;81
In $\triangle ABC$ with side lengths $AB = 13,$ $BC = 14,$ and $CA = 15,$ let $M$ be the midpoint of $\overline{BC}.$ Let $P$ be the point on the circumcircle of $\triangle ABC$ such that $M$ is on $\overline{AP}.$ There exists a unique point $Q$ on segment $\overline{AM}$ such that $\angle PBQ = \angle PCQ.$ Then $AQ$ can be written as $\frac{m}{\sqrt{n}},$ where $m$ and $n$ are relatively prime positive integers. Find $m+n.$;Because $M$ is the midpoint of $BC$, following from the Stewart's theorem, $AM = 2 \sqrt{37}$. Because $A$, $B$, $C$, and $P$ are concyclic, $\angle BPA = \angle C$, $\angle CPA = \angle B$. Denote $\theta = \angle PBQ$. In $\triangle BPQ$, following from the law of sines, \[ \frac{BQ}{\sin \angle BPA} = \frac{PQ}{\sin \angle PBQ} \] Thus, \[ \frac{BQ}{\sin C} = \frac{PQ}{\sin \theta} . \hspace{1cm} (1) \] In $\triangle CPQ$, following from the law of sines, \[ \frac{CQ}{\sin \angle CPA} = \frac{PQ}{\sin \angle PCQ} \] Thus, \[ \frac{CQ}{\sin B} = \frac{PQ}{\sin \theta} . \hspace{1cm} (2) \] Taking $\frac{(1)}{(2)}$, we get \[ \frac{BQ}{\sin C} = \frac{CQ}{\sin B} \] In $\triangle ABC$, following from the law of sines, \[ \frac{AB}{\sin C} = \frac{AC}{\sin B} . \hspace{1cm} (3) \] Thus, Equations (2) and (3) imply \begin{align*} \frac{BQ}{CQ} & = \frac{AB}{AC} \\ & = \frac{13}{15} . \hspace{1cm} (4) \end{align*} Next, we compute $BQ$ and $CQ$. We have \begin{align*} BQ^2 & = AB^2 + AQ^2 - 2 AB\cdot AQ \cos \angle BAQ \\ & = AB^2 + AQ^2 - 2 AB\cdot AQ \cos \angle BAM \\ & = AB^2 + AQ^2 - 2 AB\cdot AQ \cdot \frac{AB^2 + AM^2 - BM^2}{2 AB \cdot AM} \\ & = AB^2 + AQ^2 - AQ \cdot \frac{AB^2 + AM^2 - BM^2}{AM} \\ & = 169 + AQ^2 - \frac{268}{2 \sqrt{37}} AQ . \hspace{1cm} (5) \end{align*} We have \begin{align*} CQ^2 & = AC^2 + AQ^2 - 2 AC\cdot AQ \cos \angle CAQ \\ & = AC^2 + AQ^2 - 2 AC\cdot AQ \cos \angle CAM \\ & = AC^2 + AQ^2 - 2 AC\cdot AQ \cdot \frac{AC^2 + AM^2 - CM^2}{2 AC \cdot AM} \\ & = AC^2 + AQ^2 - AQ \cdot \frac{AC^2 + AM^2 - CM^2}{AM} \\ & = 225 + AQ^2 - \frac{324}{2 \sqrt{37}} AQ . \hspace{1cm} (6) \end{align*} Taking (5) and (6) into (4), we get $AQ = \frac{99}{\sqrt{148}}$ Therefore, the answer is $99 + 148 = \boxed{\textbf{(247) }}$;247
Let $A$ be an acute angle such that $\tan A = 2 \cos A.$ Find the number of positive integers $n$ less than or equal to $1000$ such that $\sec^n A + \tan^n A$ is a positive integer whose units digit is $9.$;Denote $a_n = \sec^n A + \tan^n A$. For any $k$, we have \begin{align*} a_n & = \sec^n A + \tan^n A \\ & = \left( \sec^{n-k} A + \tan^{n-k} A \right) \left( \sec^k A + \tan^k A \right) - \sec^{n-k} A \tan^k A - \tan^{n-k} A \sec^k A \\ & = a_{n-k} a_k - 2^k \sec^{n-k} A \cos^k A - 2^k \tan^{n-k} A \cot^k A \\ & = a_{n-k} a_k - 2^k a_{n-2k} . \end{align*} Next, we compute the first several terms of $a_n$. By solving equation $\tan A = 2 \cos A$, we get $\cos A = \frac{\sqrt{2 \sqrt{17} - 2}}{4}$. Thus, $a_0 = 2$, $a_1 = \sqrt{\sqrt{17} + 4}$, $a_2 = \sqrt{17}$, $a_3 = \sqrt{\sqrt{17} + 4} \left( \sqrt{17} - 2 \right)$, $a_4 = 9$. In the rest of analysis, we set $k = 4$. Thus, \begin{align*} a_n & = a_{n-4} a_4 - 2^4 a_{n-8} \\ & = 9 a_{n-4} - 16 a_{n-8} . \end{align*} Thus, to get $a_n$ an integer, we have $4 | n$. In the rest of analysis, we only consider such $n$. Denote $n = 4 m$ and $b_m = a_{4n}$. Thus, \begin{align*} b_m & = 9 b_{m-1} - 16 b_{m-2} \end{align*} with initial conditions $b_0 = 2$, $b_1 = 9$. To get the units digit of $b_m$ to be 9, we have \begin{align*} b_m \equiv -1 & \pmod{2} \\ b_m \equiv -1 & \pmod{5} \end{align*} Modulo 2, for $m \geq 2$, we have \begin{align*} b_m & \equiv 9 b_{m-1} - 16 b_{m-2} \\ & \equiv b_{m-1} . \end{align*} Because $b_1 \equiv -1 \pmod{2}$, we always have $b_m \equiv -1 \pmod{2}$ for all $m \geq 2$. Modulo 5, for $m \geq 5$, we have \begin{align*} b_m & \equiv 9 b_{m-1} - 16 b_{m-2} \\ & \equiv - b_{m-1} - b_{m-2} . \end{align*} We have $b_0 \equiv 2 \pmod{5}$, $b_1 \equiv -1 \pmod{5}$, $b_2 \equiv -1 \pmod{5}$, $b_3 \equiv 2 \pmod{5}$, $b_4 \equiv -1 \pmod{5}$, $b_5 \equiv -1 \pmod{5}$, $b_6 \equiv 2 \pmod{5}$. Therefore, the congruent values modulo 5 is cyclic with period 3. To get $b_m \equiv -1 \pmod{5}$, we have $3 \nmid m \pmod{3}$. From the above analysis with modulus 2 and modulus 5, we require $3 \nmid m \pmod{3}$. For $n \leq 1000$, because $n = 4m$, we only need to count feasible $m$ with $m \leq 250$. The number of feasible $m$ is \begin{align*} 250 - \left\lfloor \frac{250}{3} \right\rfloor & = 250 - 83 \\ & = \boxed{\textbf{(167) }} . \end{align*};167
For each positive integer $n$ let $a_n$ be the least positive integer multiple of $23$ such that $a_n \equiv 1 \pmod{2^n}.$ Find the number of positive integers $n$ less than or equal to $1000$ that satisfy $a_n = a_{n+1}.$;Observe that if $a_{n-1} - 1$ is divisible by $2^n$, $a_n = a_{n-1}$. If not, $a_n = a_{n-1} + 23 \cdot 2^{n-1}$. This encourages us to let $b_n = \frac{a_n - 1}{2^n}$. Rewriting the above equations, we have \[b_n = \begin{cases} \frac{b_{n-1}}{2} & \text{if } 2 \text{ } \vert \text{ } b_{n-1} \\ \frac{b_{n-1}+23}{2} &\text{if } 2 \not\vert \text{ } b_{n-1} \end{cases}\] The first few values of $b_n$ are $11, 17, 20, 10, 5, 14, 7, 15, 19, 21,$ and $22$. We notice that $b_{12} = b_1 = 11$, and thus the sequence is periodic with period $11$. Note that $a_n = a_{n+1}$ if and only if $b_n$ is even. This occurs when $n$ is congruent to $0, 3, 4$ or $6$ mod $11$, giving four solutions for each period. From $1$ to $1001$ (which is $91 \times 11$), there are $91 \times 4 = 364$ values of $n$. We subtract $1$ from the total since $1001$ satisfies the criteria but is greater than $1000$ to get a final answer of $\fbox{363}$;363
